고객번호,가입일,연령,성별,거주지역,카드등급,가입기간_개월,신용점수,월평균이용금액,최근3개월평균이용금액,이용가맹점수,온라인이용비율,리볼빙사용여부,연체횟수_최근1년,콜센터문의횟수_최근6개월,해지여부
CUST000000,2021-06-29,47.0,여성,충청,플래티넘,60.0,649.0,642000.0,288000.0,9,0.298,미사용,0,0,유지
CUST000001,2022-04-18,24.0,남성,영남,골드,50.4,816.0,462000.0,425000.0,18,0.562,미사용,0,0,유지
CUST000002,2025-01-14,42.0,여성,수도권,일반,17.5,640.0,354000.0,269000.0,20,0.339,미사용,1,0,해지
CUST000003,2025-08-10,33.0,남성,수도권,골드,10.6,682.0,710000.0,459000.0,18,0.165,사용,0,1,해지
CUST000004,2025-02-17,19.0,여성,수도권,일반,16.4,670.0,246000.0,239000.0,26,,사용,1,1,유지
CUST000005,2019-07-05,52.0,여성,충청,골드,83.8,695.0,1405000.0,1717000.0,14,0.642,미사용,0,1,유지
CUST000006,2022-05-16,27.0,여성,충청,일반,49.5,574.0,1078000.0,788000.0,14,0.369,사용,0,0,해지
CUST000007,2021-11-15,36.0,남성,수도권,플래티넘,55.5,611.0,927000.0,1162000.0,11,0.051,미사용,0,2,유지
CUST000008,2019-10-18,56.0,여성,수도권,플래티넘,80.4,549.0,650000.0,667000.0,13,0.756,사용,0,1,유지
CUST000009,2019-07-16,40.0,남성,영남,블랙,83.5,588.0,320000.0,251000.0,14,0.318,미사용,1,0,유지
CUST000010,2023-01-29,65.0,남성,수도권,일반,41.0,578.0,367000.0,366000.0,15,0.541,미사용,0,0,유지
CUST000011,2019-04-28,57.0,여성,수도권,일반,86.1,741.0,279000.0,248000.0,17,0.682,미사용,0,2,유지
CUST000012,2020-05-22,49.0,여성,호남,플래티넘,73.3,661.0,1026000.0,533000.0,8,0.514,미사용,0,1,유지
CUST000013,2020-10-26,42.0,여성,수도권,골드,68.1,690.0,585000.0,495000.0,17,0.507,사용,2,0,해지
CUST000014,2018-12-31,46.0,여성,제주,골드,89.9,658.0,490000.0,326000.0,11,0.589,미사용,0,0,유지
CUST000015,2020-03-16,27.0,남성,영남,일반,75.5,585.0,318000.0,279000.0,13,0.491,미사용,0,0,유지
CUST000016,2020-06-03,44.0,남성,호남,골드,72.9,694.0,782000.0,635000.0,13,0.494,미사용,0,0,유지
CUST000017,2021-03-04,46.0,남성,수도권,일반,63.9,624.0,468000.0,367000.0,19,0.33,미사용,0,2,해지
CUST000018,2019-04-03,43.0,여성,수도권,일반,86.9,746.0,413000.0,511000.0,14,0.306,사용,0,0,유지
CUST000019,2025-08-02,52.0,여성,영남,골드,10.9,633.0,368000.0,480000.0,11,0.081,미사용,1,2,유지
CUST000020,2022-07-24,24.0,여성,충청,일반,47.2,658.0,484000.0,614000.0,9,0.301,미사용,0,0,유지
CUST000021,2021-10-17,69.0,여성,수도권,일반,56.4,574.0,460000.0,531000.0,7,0.525,미사용,0,0,유지
CUST000022,2019-07-05,26.0,남성,수도권,일반,83.8,742.0,2821000.0,3237000.0,17,0.456,미사용,1,0,유지
CUST000023,2021-09-28,49.0,남성,수도권,골드,57.0,511.0,530000.0,701000.0,12,0.385,미사용,0,0,유지
CUST000024,2020-05-16,28.0,남성,수도권,골드,73.5,769.0,786000.0,1139000.0,18,0.368,미사용,0,0,유지
CUST000025,2019-05-24,33.0,여성,강원,플래티넘,85.2,511.0,1342000.0,621000.0,13,0.022,미사용,0,2,해지
CUST000026,2023-04-09,49.0,여성,강원,블랙,38.7,868.0,949000.0,1073000.0,18,0.491,미사용,0,1,유지
CUST000027,2020-11-15,39.0,여성,수도권,골드,67.4,619.0,209000.0,105000.0,15,0.351,미사용,0,1,유지
CUST000028,2025-05-05,33.0,여성,충청,골드,13.8,703.0,394000.0,230000.0,7,0.559,미사용,0,1,유지
CUST000029,2020-07-27,23.0,남성,수도권,골드,71.1,491.0,493000.0,651000.0,19,0.175,미사용,0,0,해지
CUST000030,2019-04-15,29.0,남성,제주,일반,86.5,649.0,248000.0,325000.0,18,0.594,미사용,1,0,유지
CUST000031,2020-06-20,49.0,남성,충청,일반,72.3,793.0,468000.0,340000.0,13,0.815,미사용,0,0,유지
CUST000032,2022-10-11,28.0,남성,충청,블랙,44.6,733.0,578000.0,621000.0,14,0.378,미사용,1,1,유지
CUST000033,2021-11-19,42.0,남성,제주,플래티넘,55.3,714.0,262000.0,178000.0,15,0.587,미사용,1,0,해지
CUST000034,2020-09-21,49.0,여성,수도권,골드,69.3,796.0,1103000.0,997000.0,12,0.58,미사용,0,0,유지
CUST000035,2018-08-07,39.0,여성,수도권,일반,94.7,645.0,1760000.0,1342000.0,16,0.664,미사용,0,1,유지
CUST000036,2019-03-21,47.0,남성,호남,플래티넘,87.3,700.0,214000.0,162000.0,19,0.815,미사용,0,0,유지
CUST000037,2023-12-24,36.0,남성,호남,플래티넘,30.2,701.0,241000.0,220000.0,12,0.586,미사용,0,1,유지
CUST000038,2020-07-31,54.0,여성,수도권,골드,71.0,558.0,62000.0,69000.0,17,0.462,미사용,0,0,유지
CUST000039,2020-12-07,45.0,남성,수도권,골드,66.7,641.0,351000.0,339000.0,13,0.163,미사용,0,0,해지
CUST000040,2023-04-27,42.0,남성,영남,골드,38.1,532.0,659000.0,754000.0,15,0.22,사용,0,1,유지
CUST000041,2020-12-04,41.0,남성,수도권,일반,66.8,639.0,724000.0,843000.0,15,0.766,미사용,0,0,유지
CUST000042,2025-03-06,71.0,여성,호남,골드,15.8,737.0,196000.0,80000.0,13,0.659,미사용,1,1,유지
CUST000043,2024-09-07,54.0,여성,수도권,일반,21.7,658.0,692000.0,609000.0,20,0.625,미사용,0,0,유지
CUST000044,2021-12-28,37.0,여성,수도권,일반,54.0,811.0,427000.0,629000.0,13,0.723,미사용,0,0,유지
CUST000045,2019-02-03,36.0,여성,영남,골드,88.8,665.0,301000.0,240000.0,17,0.645,미사용,0,0,유지
CUST000046,2019-01-06,52.0,여성,제주,골드,89.8,553.0,1965000.0,1445000.0,20,0.179,미사용,0,1,유지
CUST000047,2021-12-16,23.0,남성,제주,일반,54.4,726.0,365000.0,414000.0,9,0.408,사용,1,1,해지
CUST000048,2022-05-20,38.0,남성,강원,골드,49.3,664.0,492000.0,785000.0,20,0.327,미사용,0,1,유지
CUST000049,2020-01-30,22.0,여성,수도권,플래티넘,77.0,725.0,455000.0,405000.0,14,0.412,미사용,0,1,유지
CUST000050,2025-07-16,41.0,여성,수도권,플래티넘,11.5,,324000.0,171000.0,10,0.705,사용,0,1,유지
CUST000051,2018-03-12,41.0,여성,수도권,일반,99.6,739.0,246000.0,211000.0,16,0.424,미사용,0,0,유지
CUST000052,2022-08-10,62.0,여성,영남,일반,46.6,,787000.0,822000.0,13,0.654,미사용,0,0,유지
CUST000053,2025-07-14,42.0,여성,수도권,골드,11.5,,852000.0,1077000.0,13,0.573,사용,2,0,유지
CUST000054,2025-08-12,39.0,여성,강원,일반,10.6,698.0,1320000.0,1788000.0,10,0.56,미사용,0,0,유지
CUST000055,2021-03-21,24.0,여성,영남,일반,63.3,916.0,462000.0,208000.0,30,0.296,미사용,1,0,해지
CUST000056,2019-05-27,48.0,여성,수도권,플래티넘,85.1,666.0,363000.0,288000.0,9,0.832,미사용,0,0,유지
CUST000057,2021-09-24,30.0,여성,수도권,블랙,57.2,715.0,431000.0,453000.0,10,0.639,미사용,0,0,유지
CUST000058,2022-08-02,34.0,남성,충청,골드,46.9,,361000.0,353000.0,14,0.69,미사용,0,0,유지
CUST000059,2024-02-07,37.0,남성,수도권,골드,28.7,,197000.0,127000.0,20,0.482,미사용,0,0,유지
CUST000060,2025-07-15,,남성,호남,일반,11.5,699.0,200000.0,233000.0,15,0.492,미사용,1,0,유지
CUST000061,2024-07-01,42.0,여성,수도권,블랙,23.9,737.0,192000.0,151000.0,13,0.358,사용,0,2,유지
CUST000062,2020-08-11,46.0,여성,영남,일반,70.6,728.0,612000.0,708000.0,18,0.476,미사용,0,0,유지
CUST000063,2021-09-16,35.0,남성,강원,플래티넘,57.4,651.0,626000.0,451000.0,18,0.184,미사용,1,0,유지
CUST000064,2025-06-01,19.0,남성,수도권,플래티넘,12.9,672.0,352000.0,431000.0,15,0.24,사용,0,1,유지
CUST000065,2022-10-29,25.0,남성,영남,골드,44.0,622.0,263000.0,351000.0,11,0.704,미사용,1,2,유지
CUST000066,2023-01-07,64.0,여성,영남,일반,41.7,822.0,521000.0,616000.0,14,0.248,미사용,0,0,유지
CUST000067,2022-06-12,34.0,남성,수도권,플래티넘,48.6,754.0,767000.0,976000.0,10,0.0,사용,0,0,유지
CUST000068,2018-07-28,35.0,남성,호남,골드,95.1,,345000.0,255000.0,20,0.456,사용,0,1,유지
CUST000069,2023-01-31,76.0,여성,제주,골드,40.9,598.0,628000.0,671000.0,16,0.617,미사용,1,1,유지
CUST000070,2021-03-21,67.0,여성,충청,플래티넘,63.3,691.0,477000.0,585000.0,18,0.384,사용,0,0,유지
CUST000071,2021-05-31,33.0,여성,제주,블랙,61.0,,465000.0,410000.0,14,0.623,사용,0,0,유지
CUST000072,2024-01-19,41.0,여성,영남,일반,29.3,583.0,1028000.0,1345000.0,12,,미사용,0,3,해지
CUST000073,2019-07-03,59.0,여성,수도권,플래티넘,83.9,633.0,629000.0,675000.0,18,0.546,사용,1,0,유지
CUST000074,2020-02-08,47.0,여성,수도권,골드,76.7,755.0,318000.0,212000.0,12,0.584,미사용,0,0,유지
CUST000075,2025-02-02,51.0,여성,영남,골드,16.9,744.0,376000.0,350000.0,15,0.438,사용,0,1,유지
CUST000076,2020-10-06,46.0,남성,영남,골드,68.8,657.0,736000.0,708000.0,13,,미사용,0,1,해지
CUST000077,2022-01-15,26.0,남성,영남,일반,53.4,684.0,516000.0,362000.0,24,0.725,사용,0,0,유지
CUST000078,2023-01-22,35.0,남성,영남,일반,41.2,535.0,623000.0,614000.0,15,0.389,미사용,0,0,유지
CUST000079,2023-08-17,19.0,여성,수도권,일반,34.4,627.0,617000.0,814000.0,18,0.572,미사용,0,0,유지
CUST000080,2018-06-07,22.0,여성,강원,플래티넘,96.7,574.0,578000.0,470000.0,10,0.382,미사용,0,0,유지
CUST000081,2021-08-23,53.0,여성,강원,일반,58.2,649.0,555000.0,372000.0,8,0.204,미사용,1,1,유지
CUST000082,2024-03-22,41.0,남성,수도권,일반,27.3,615.0,364000.0,575000.0,11,0.351,사용,1,2,유지
CUST000083,2021-02-09,41.0,여성,수도권,일반,64.6,688.0,492000.0,660000.0,25,,미사용,0,1,유지
CUST000084,2024-04-15,51.0,남성,수도권,골드,26.5,736.0,868000.0,748000.0,17,0.399,미사용,0,1,유지
CUST000085,2020-12-18,36.0,여성,수도권,골드,66.4,591.0,1185000.0,1101000.0,10,0.702,미사용,2,1,유지
CUST000086,2022-02-14,28.0,여성,수도권,일반,52.5,589.0,535000.0,458000.0,14,0.079,미사용,0,1,유지
CUST000087,2025-07-21,41.0,남성,수도권,블랙,11.3,647.0,127000.0,130000.0,11,0.0,미사용,0,1,유지
CUST000088,2020-11-03,35.0,여성,호남,일반,67.8,617.0,695000.0,632000.0,14,0.532,사용,3,0,유지
CUST000089,2025-03-19,33.0,여성,수도권,일반,15.4,617.0,309000.0,247000.0,16,0.601,미사용,1,0,해지
CUST000090,2019-07-13,34.0,남성,수도권,일반,83.6,,291000.0,251000.0,12,0.723,미사용,0,1,유지
CUST000091,2018-05-26,21.0,남성,수도권,일반,97.1,658.0,788000.0,866000.0,9,0.397,사용,1,3,유지
CUST000092,2023-05-28,25.0,여성,강원,플래티넘,37.1,653.0,214000.0,228000.0,14,0.992,미사용,0,1,유지
CUST000093,2018-08-18,37.0,남성,영남,골드,94.4,517.0,195000.0,212000.0,15,0.36,미사용,2,0,유지
CUST000094,2019-01-08,53.0,남성,수도권,골드,89.7,712.0,554000.0,741000.0,13,0.468,미사용,0,1,유지
CUST000095,2021-03-31,36.0,여성,영남,골드,63.0,705.0,1041000.0,772000.0,13,0.903,미사용,0,1,유지
CUST000096,2024-09-21,32.0,남성,수도권,플래티넘,21.3,532.0,649000.0,773000.0,17,0.117,미사용,0,0,해지
CUST000097,2020-07-14,62.0,남성,수도권,일반,71.5,758.0,510000.0,457000.0,6,0.608,미사용,0,0,유지
CUST000098,2021-01-01,47.0,남성,호남,골드,65.9,748.0,492000.0,373000.0,15,0.346,미사용,0,1,유지
CUST000099,2018-07-06,44.0,남성,수도권,블랙,95.8,619.0,589000.0,662000.0,13,0.619,미사용,0,3,유지
CUST000100,2022-03-28,39.0,여성,영남,일반,51.1,752.0,425000.0,387000.0,14,0.384,미사용,1,0,유지
CUST000101,2018-09-20,37.0,남성,강원,골드,93.3,853.0,663000.0,486000.0,13,0.204,사용,0,1,유지
CUST000102,2018-01-11,39.0,남성,충청,플래티넘,101.6,689.0,775000.0,832000.0,19,0.294,사용,0,0,해지
CUST000103,2023-03-11,36.0,여성,호남,골드,39.7,480.0,292000.0,473000.0,19,0.8,미사용,1,0,유지
CUST000104,2019-12-04,33.0,여성,영남,골드,78.8,402.0,600000.0,659000.0,17,0.5,미사용,0,0,유지
CUST000105,2023-12-15,51.0,여성,수도권,일반,30.5,660.0,340000.0,265000.0,13,0.617,미사용,1,1,유지
CUST000106,2019-12-12,45.0,남성,호남,골드,78.6,725.0,190000.0,207000.0,9,0.78,미사용,0,0,유지
CUST000107,2018-04-10,33.0,남성,수도권,일반,98.7,636.0,263000.0,223000.0,16,0.442,미사용,1,0,해지
CUST000108,2024-03-28,54.0,여성,호남,플래티넘,27.1,554.0,120000.0,29000.0,12,0.423,미사용,0,1,해지
CUST000109,2020-09-20,35.0,여성,강원,일반,69.3,854.0,285000.0,275000.0,13,0.478,사용,0,0,유지
CUST000110,2023-09-20,45.0,남성,영남,골드,33.3,613.0,730000.0,731000.0,19,0.217,사용,0,1,유지
CUST000111,2019-04-04,50.0,남성,수도권,일반,86.9,840.0,226000.0,196000.0,15,0.262,미사용,0,3,유지
CUST000112,2021-01-09,29.0,여성,영남,일반,65.6,716.0,644000.0,740000.0,19,0.34,사용,0,0,유지
CUST000113,2024-01-13,26.0,여성,수도권,일반,29.5,608.0,643000.0,826000.0,18,0.894,미사용,1,1,유지
CUST000114,2018-12-07,44.0,남성,수도권,골드,90.7,690.0,631000.0,479000.0,9,0.509,미사용,1,1,유지
CUST000115,2018-07-24,36.0,남성,수도권,플래티넘,95.2,787.0,467000.0,373000.0,17,0.086,미사용,0,0,유지
CUST000116,2024-12-18,45.0,남성,영남,골드,18.4,755.0,231000.0,248000.0,17,0.39,사용,0,1,유지
CUST000117,2023-04-02,37.0,남성,영남,일반,38.9,509.0,435000.0,485000.0,13,0.27,미사용,0,1,해지
CUST000118,2025-07-18,37.0,남성,영남,일반,11.4,627.0,637000.0,424000.0,17,0.279,미사용,0,0,유지
CUST000119,2018-12-08,34.0,여성,호남,골드,90.7,490.0,781000.0,709000.0,13,0.257,사용,0,2,유지
CUST000120,2025-07-31,41.0,여성,충청,일반,11.0,824.0,932000.0,957000.0,14,0.475,미사용,0,0,유지
CUST000121,2022-05-17,19.0,여성,영남,일반,49.4,723.0,925000.0,933000.0,10,0.299,미사용,0,0,유지
CUST000122,2024-01-31,28.0,남성,수도권,일반,28.9,609.0,1640000.0,1523000.0,12,0.361,미사용,0,1,유지
CUST000123,2018-02-12,27.0,남성,호남,플래티넘,100.5,582.0,785000.0,319000.0,18,0.654,미사용,0,0,유지
CUST000124,2018-07-10,47.0,남성,충청,플래티넘,95.7,,184000.0,120000.0,16,0.982,미사용,1,3,유지
CUST000125,2022-02-26,52.0,남성,제주,일반,52.1,676.0,310000.0,134000.0,15,0.398,미사용,1,1,유지
CUST000126,2023-12-31,43.0,남성,영남,일반,30.0,734.0,744000.0,978000.0,18,0.393,사용,0,0,유지
CUST000127,2025-06-12,38.0,남성,호남,일반,12.6,759.0,311000.0,399000.0,22,0.889,미사용,0,1,유지
CUST000128,2021-05-13,42.0,여성,충청,플래티넘,61.6,768.0,496000.0,237000.0,15,0.409,미사용,0,4,유지
CUST000129,2021-04-14,38.0,여성,수도권,일반,62.5,559.0,720000.0,581000.0,13,0.331,미사용,0,0,유지
CUST000130,2022-02-16,38.0,여성,강원,골드,52.4,722.0,884000.0,1181000.0,16,0.576,미사용,0,1,유지
CUST000131,2022-01-24,21.0,여성,영남,골드,53.2,576.0,484000.0,426000.0,17,0.664,미사용,0,1,유지
CUST000132,2019-01-13,,남성,수도권,골드,89.5,661.0,232000.0,282000.0,19,0.402,미사용,0,0,유지
CUST000133,2020-03-29,33.0,남성,수도권,골드,75.0,682.0,411000.0,239000.0,10,0.481,미사용,2,2,해지
CUST000134,2023-05-21,52.0,여성,호남,일반,37.3,741.0,244000.0,281000.0,19,0.568,미사용,0,0,유지
CUST000135,2022-04-13,34.0,남성,수도권,일반,50.6,770.0,297000.0,299000.0,16,0.329,미사용,1,0,유지
CUST000136,2025-06-05,24.0,여성,호남,일반,12.8,755.0,164000.0,94000.0,18,0.607,미사용,1,0,해지
CUST000137,2023-09-28,37.0,남성,충청,골드,33.0,611.0,872000.0,888000.0,12,0.599,미사용,0,4,유지
CUST000138,2024-03-10,36.0,남성,영남,일반,27.7,738.0,770000.0,786000.0,17,0.599,미사용,0,0,유지
CUST000139,2019-05-15,40.0,남성,수도권,골드,85.5,591.0,538000.0,702000.0,16,0.66,사용,0,1,유지
CUST000140,2020-12-04,54.0,여성,강원,일반,66.8,602.0,449000.0,495000.0,17,0.422,미사용,0,1,유지
CUST000141,2025-04-24,34.0,남성,수도권,골드,14.2,615.0,456000.0,441000.0,12,0.412,미사용,0,0,유지
CUST000142,2019-10-29,51.0,여성,강원,일반,80.0,577.0,868000.0,625000.0,10,0.039,미사용,1,1,유지
CUST000143,2019-12-23,47.0,여성,수도권,일반,78.2,570.0,481000.0,532000.0,18,0.55,미사용,0,0,유지
CUST000144,2020-05-10,41.0,여성,충청,골드,73.7,748.0,419000.0,417000.0,10,0.172,미사용,0,2,유지
CUST000145,2024-05-07,19.0,여성,수도권,플래티넘,25.8,724.0,412000.0,525000.0,15,0.541,미사용,0,2,유지
CUST000146,2021-08-30,28.0,여성,수도권,골드,58.0,635.0,800000.0,933000.0,13,0.263,미사용,0,1,유지
CUST000147,2018-08-11,69.0,여성,제주,일반,94.6,735.0,289000.0,315000.0,10,0.605,미사용,0,2,유지
CUST000148,2022-03-30,39.0,남성,수도권,플래티넘,51.0,651.0,943000.0,658000.0,10,0.0,미사용,2,1,해지
CUST000149,2023-10-25,23.0,남성,영남,일반,32.2,683.0,227000.0,301000.0,11,0.199,미사용,1,1,유지
CUST000150,2020-11-03,39.0,여성,호남,플래티넘,67.8,521.0,389000.0,462000.0,11,0.956,미사용,0,2,유지
CUST000151,2021-06-21,50.0,남성,수도권,일반,60.3,788.0,444000.0,465000.0,14,,미사용,2,0,해지
CUST000152,2025-07-15,32.0,여성,영남,일반,11.5,657.0,270000.0,346000.0,13,0.484,미사용,1,0,해지
CUST000153,2022-04-14,45.0,여성,수도권,골드,50.5,585.0,719000.0,646000.0,14,0.418,미사용,2,1,해지
CUST000154,2018-01-03,35.0,남성,호남,골드,101.8,710.0,460000.0,541000.0,15,0.672,미사용,1,0,유지
CUST000155,2023-09-20,37.0,여성,호남,골드,33.3,772.0,641000.0,533000.0,15,0.505,미사용,1,2,해지
CUST000156,2022-07-03,31.0,여성,수도권,플래티넘,47.9,671.0,438000.0,526000.0,13,0.974,미사용,0,1,유지
CUST000157,2022-06-24,53.0,남성,수도권,플래티넘,48.2,519.0,482000.0,644000.0,9,0.441,미사용,0,0,유지
CUST000158,2021-08-06,58.0,남성,수도권,일반,58.8,777.0,815000.0,823000.0,12,0.01,미사용,0,0,유지
CUST000159,2022-01-11,20.0,남성,충청,일반,53.6,688.0,446000.0,185000.0,13,0.339,미사용,0,1,유지
CUST000160,2019-02-16,51.0,남성,영남,일반,88.4,639.0,210000.0,165000.0,18,0.774,미사용,0,0,유지
CUST000161,2019-08-18,53.0,여성,영남,골드,82.4,580.0,172000.0,171000.0,14,0.298,미사용,0,1,유지
CUST000162,2023-01-11,48.0,여성,수도권,일반,41.6,507.0,527000.0,699000.0,12,0.693,사용,0,1,유지
CUST000163,2024-03-25,39.0,남성,영남,골드,27.2,795.0,119000.0,102000.0,16,0.345,미사용,0,1,유지
CUST000164,2019-01-25,45.0,여성,수도권,블랙,89.1,464.0,862000.0,736000.0,13,0.282,미사용,0,1,유지
CUST000165,2018-05-10,46.0,남성,강원,일반,97.7,628.0,328000.0,197000.0,13,0.471,사용,0,0,유지
CUST000166,2019-05-27,57.0,여성,충청,일반,85.1,678.0,463000.0,365000.0,14,0.959,미사용,0,0,유지
CUST000167,2018-03-17,19.0,남성,호남,골드,99.4,885.0,1538000.0,1335000.0,10,0.243,미사용,0,0,유지
CUST000168,2024-03-14,57.0,남성,영남,골드,27.5,672.0,356000.0,334000.0,24,0.617,사용,1,0,해지
CUST000169,2022-07-27,49.0,남성,수도권,골드,47.1,629.0,254000.0,195000.0,11,0.333,사용,0,0,해지
CUST000170,2022-06-13,50.0,여성,수도권,일반,48.6,674.0,306000.0,271000.0,10,0.79,미사용,0,2,유지
CUST000171,2021-02-27,38.0,여성,수도권,일반,64.0,655.0,1498000.0,1609000.0,24,0.989,미사용,0,0,유지
CUST000172,2021-10-21,42.0,여성,수도권,플래티넘,56.3,731.0,167000.0,139000.0,12,0.452,사용,1,0,유지
CUST000173,2025-07-14,40.0,여성,수도권,일반,11.5,699.0,492000.0,549000.0,15,0.68,미사용,1,1,유지
CUST000174,2021-09-01,46.0,남성,수도권,일반,57.9,783.0,1031000.0,941000.0,18,0.217,미사용,0,0,유지
CUST000175,2022-04-17,27.0,남성,영남,일반,50.4,690.0,158000.0,207000.0,16,0.573,미사용,0,0,유지
CUST000176,2023-07-15,39.0,남성,수도권,일반,35.5,686.0,362000.0,330000.0,11,0.297,미사용,1,1,유지
CUST000177,2023-11-03,34.0,여성,수도권,일반,31.9,769.0,254000.0,229000.0,17,0.524,미사용,0,1,유지
CUST000178,2020-05-11,52.0,남성,영남,골드,73.6,715.0,143000.0,146000.0,14,0.644,사용,0,0,유지
CUST000179,2024-05-25,33.0,여성,강원,일반,25.2,684.0,431000.0,278000.0,17,0.551,미사용,1,0,유지
CUST000180,2025-03-14,33.0,남성,강원,골드,15.5,642.0,188000.0,130000.0,14,0.911,미사용,0,0,유지
CUST000181,2021-12-30,40.0,남성,제주,플래티넘,54.0,883.0,413000.0,396000.0,12,0.756,미사용,0,1,유지
CUST000182,2018-02-20,20.0,여성,충청,일반,100.3,681.0,421000.0,396000.0,9,0.611,미사용,0,1,유지
CUST000183,2024-07-18,73.0,여성,충청,골드,23.4,,516000.0,290000.0,6,0.301,사용,1,1,유지
CUST000184,2021-05-21,39.0,여성,수도권,일반,61.3,601.0,508000.0,467000.0,7,0.499,미사용,1,0,유지
CUST000185,2019-03-16,57.0,남성,수도권,일반,87.5,610.0,458000.0,425000.0,15,0.185,사용,1,1,유지
CUST000186,2021-07-26,39.0,남성,수도권,일반,59.1,699.0,133000.0,152000.0,8,0.45,미사용,0,1,유지
CUST000187,2020-01-06,29.0,여성,영남,플래티넘,77.8,811.0,186000.0,188000.0,9,0.759,미사용,0,4,유지
CUST000188,2023-02-13,54.0,여성,호남,일반,40.5,759.0,1121000.0,897000.0,11,0.309,미사용,0,0,유지
CUST000189,2024-09-13,34.0,여성,수도권,플래티넘,21.5,696.0,139000.0,208000.0,11,0.836,미사용,0,0,유지
CUST000190,2021-10-09,41.0,여성,수도권,골드,56.7,524.0,153000.0,152000.0,15,0.728,미사용,0,1,유지
CUST000191,2022-09-28,38.0,여성,수도권,플래티넘,45.0,812.0,525000.0,158000.0,19,0.117,미사용,0,1,유지
CUST000192,2023-02-10,19.0,남성,충청,일반,40.6,667.0,917000.0,514000.0,18,0.345,미사용,0,1,유지
CUST000193,2024-09-26,51.0,여성,수도권,일반,21.1,745.0,1290000.0,1037000.0,19,0.466,미사용,0,0,유지
CUST000194,2018-06-05,51.0,남성,충청,일반,96.8,640.0,237000.0,244000.0,12,0.586,미사용,1,0,유지
CUST000195,2024-09-27,56.0,남성,수도권,일반,21.1,640.0,461000.0,146000.0,15,0.35,사용,0,0,해지
CUST000196,2021-06-29,47.0,여성,충청,골드,60.0,593.0,1294000.0,1524000.0,20,0.212,미사용,0,1,유지
CUST000197,2024-10-29,47.0,여성,수도권,일반,20.0,628.0,1014000.0,945000.0,17,0.702,사용,2,1,유지
CUST000198,2020-05-31,27.0,여성,호남,플래티넘,73.0,598.0,778000.0,631000.0,12,0.16,사용,0,0,유지
CUST000199,2025-03-13,63.0,남성,수도권,일반,15.6,621.0,317000.0,332000.0,6,0.697,사용,1,1,해지
CUST000200,2022-07-08,44.0,여성,충청,골드,47.7,628.0,519000.0,652000.0,19,0.034,미사용,0,0,유지
CUST000201,2022-10-11,31.0,여성,제주,일반,44.6,758.0,329000.0,480000.0,12,0.443,미사용,0,0,유지
CUST000202,2019-09-24,26.0,여성,제주,골드,81.2,752.0,380000.0,352000.0,13,0.618,미사용,1,0,유지
CUST000203,2023-06-25,47.0,여성,호남,블랙,36.2,565.0,640000.0,423000.0,10,0.514,사용,0,0,유지
CUST000204,2021-01-29,55.0,여성,수도권,일반,65.0,803.0,318000.0,205000.0,14,0.588,미사용,1,2,유지
CUST000205,2019-11-14,45.0,여성,호남,골드,79.5,700.0,428000.0,445000.0,15,0.082,미사용,1,0,유지
CUST000206,2018-06-28,48.0,남성,제주,골드,96.1,644.0,900000.0,898000.0,13,0.771,사용,1,0,해지
CUST000207,2024-02-18,68.0,여성,수도권,골드,28.4,660.0,464000.0,478000.0,21,0.697,미사용,2,0,유지
CUST000208,2022-05-13,26.0,여성,호남,골드,49.6,777.0,967000.0,911000.0,10,0.518,사용,0,1,유지
CUST000209,2018-08-20,33.0,여성,영남,일반,94.3,565.0,257000.0,136000.0,15,0.925,사용,0,0,유지
CUST000210,2023-02-25,55.0,여성,호남,일반,40.1,624.0,261000.0,285000.0,21,0.327,미사용,1,0,유지
CUST000211,2025-07-24,50.0,여성,영남,블랙,11.2,661.0,934000.0,1414000.0,17,0.164,미사용,1,0,유지
CUST000212,2018-03-18,36.0,남성,호남,일반,99.4,435.0,676000.0,1062000.0,10,0.313,미사용,0,1,유지
CUST000213,2025-07-18,45.0,남성,수도권,골드,11.4,672.0,371000.0,201000.0,15,0.442,미사용,0,1,유지
CUST000214,2022-10-18,41.0,여성,충청,일반,44.4,800.0,232000.0,259000.0,15,0.452,미사용,0,0,유지
CUST000215,2023-10-01,47.0,남성,호남,일반,33.0,616.0,225000.0,150000.0,20,0.134,미사용,0,0,유지
CUST000216,2025-03-29,59.0,남성,충청,골드,15.0,,484000.0,469000.0,12,0.538,미사용,0,0,유지
CUST000217,2020-02-08,26.0,남성,제주,골드,76.7,665.0,343000.0,287000.0,10,0.559,미사용,0,2,유지
CUST000218,2018-12-28,54.0,남성,충청,골드,90.0,,344000.0,407000.0,13,0.659,미사용,0,0,유지
CUST000219,2020-05-05,49.0,여성,호남,일반,73.8,582.0,377000.0,292000.0,19,0.0,미사용,0,1,해지
CUST000220,2024-08-16,36.0,남성,호남,골드,22.4,738.0,603000.0,661000.0,14,0.274,미사용,1,1,유지
CUST000221,2024-08-31,55.0,여성,호남,일반,21.9,438.0,453000.0,279000.0,7,0.871,사용,2,3,해지
CUST000222,2022-07-02,50.0,남성,영남,골드,47.9,813.0,510000.0,502000.0,10,0.705,미사용,0,0,유지
CUST000223,2019-05-31,64.0,여성,충청,골드,85.0,710.0,581000.0,508000.0,9,0.46,미사용,0,2,유지
CUST000224,2023-01-09,36.0,남성,영남,일반,41.7,678.0,827000.0,963000.0,16,0.355,미사용,0,1,유지
CUST000225,2019-03-22,44.0,여성,수도권,플래티넘,87.3,784.0,306000.0,340000.0,16,0.577,사용,0,1,유지
CUST000226,2018-01-11,48.0,남성,수도권,플래티넘,101.6,587.0,1104000.0,1367000.0,11,0.525,미사용,1,0,유지
CUST000227,2025-08-26,28.0,여성,충청,일반,10.1,820.0,252000.0,172000.0,20,,미사용,0,0,유지
CUST000228,2021-09-28,43.0,여성,강원,일반,57.0,,615000.0,954000.0,7,0.435,사용,0,2,유지
CUST000229,2020-06-11,56.0,여성,수도권,플래티넘,72.6,709.0,427000.0,517000.0,14,0.543,미사용,0,0,유지
CUST000230,2019-06-04,50.0,남성,수도권,골드,84.9,715.0,704000.0,892000.0,12,0.566,사용,1,2,유지
CUST000231,2024-09-08,49.0,남성,영남,블랙,21.7,665.0,812000.0,452000.0,14,0.34,미사용,0,0,유지
CUST000232,2024-04-08,19.0,남성,충청,플래티넘,26.7,671.0,372000.0,462000.0,19,0.379,미사용,0,0,유지
CUST000233,2019-06-16,45.0,여성,수도권,일반,84.5,664.0,919000.0,1178000.0,18,0.601,미사용,1,1,유지
CUST000234,2020-12-31,47.0,여성,수도권,골드,65.9,725.0,1205000.0,1138000.0,8,0.152,미사용,1,1,유지
CUST000235,2018-05-11,26.0,여성,수도권,골드,97.6,525.0,570000.0,232000.0,20,0.286,미사용,0,0,유지
CUST000236,2018-05-15,19.0,여성,수도권,일반,97.5,,466000.0,432000.0,22,0.356,미사용,0,1,유지
CUST000237,2019-09-28,59.0,여성,호남,골드,81.0,714.0,445000.0,162000.0,17,0.533,미사용,1,1,유지
CUST000238,2018-03-17,45.0,남성,호남,일반,99.4,811.0,276000.0,297000.0,18,0.316,사용,1,1,유지
CUST000239,2024-05-11,62.0,남성,제주,플래티넘,25.6,727.0,151000.0,156000.0,9,0.503,미사용,0,2,유지
CUST000240,2021-11-15,28.0,남성,수도권,블랙,55.5,732.0,320000.0,304000.0,11,0.536,미사용,0,0,유지
CUST000241,2022-04-24,42.0,남성,수도권,골드,50.2,781.0,603000.0,667000.0,13,0.338,미사용,1,0,유지
CUST000242,2019-10-22,44.0,남성,호남,골드,80.3,652.0,1459000.0,1659000.0,14,0.954,미사용,0,0,유지
CUST000243,2021-05-26,45.0,남성,영남,일반,61.1,626.0,765000.0,468000.0,6,0.67,사용,1,0,해지
CUST000244,2019-11-29,57.0,여성,제주,골드,79.0,,258000.0,270000.0,14,0.441,미사용,1,1,유지
CUST000245,2023-02-08,33.0,여성,수도권,골드,40.7,741.0,508000.0,679000.0,14,0.57,사용,0,1,유지
CUST000246,2019-12-08,53.0,남성,영남,플래티넘,78.7,858.0,328000.0,285000.0,11,0.518,미사용,0,0,유지
CUST000247,2019-01-23,39.0,남성,수도권,일반,89.2,557.0,420000.0,459000.0,11,0.468,사용,0,0,유지
CUST000248,2021-11-06,42.0,여성,수도권,골드,55.7,619.0,326000.0,296000.0,14,0.658,사용,0,0,해지
CUST000249,2021-04-17,62.0,여성,호남,플래티넘,62.4,640.0,709000.0,742000.0,9,0.855,미사용,1,2,유지
CUST000250,2022-11-12,67.0,여성,수도권,골드,43.6,629.0,210000.0,198000.0,11,0.65,미사용,0,1,유지
CUST000251,2024-02-02,45.0,여성,영남,골드,28.9,742.0,334000.0,255000.0,9,0.577,미사용,0,2,유지
CUST000252,2021-03-19,25.0,여성,수도권,일반,63.4,507.0,444000.0,631000.0,18,1.0,미사용,1,2,유지
CUST000253,2020-04-12,48.0,여성,영남,일반,74.6,651.0,299000.0,301000.0,14,0.456,미사용,1,1,해지
CUST000254,2020-10-23,44.0,남성,수도권,골드,68.2,801.0,194000.0,159000.0,24,0.37,미사용,1,0,유지
CUST000255,2024-05-29,58.0,여성,수도권,플래티넘,25.0,772.0,524000.0,445000.0,13,0.139,사용,1,0,유지
CUST000256,2024-06-15,34.0,여성,영남,일반,24.5,639.0,623000.0,509000.0,14,0.669,미사용,0,1,유지
CUST000257,2020-04-10,41.0,남성,영남,플래티넘,74.6,771.0,502000.0,578000.0,12,0.775,미사용,0,0,유지
CUST000258,2022-08-12,31.0,남성,충청,플래티넘,46.6,699.0,681000.0,550000.0,21,0.279,미사용,0,3,유지
CUST000259,2020-10-06,47.0,남성,강원,골드,68.8,601.0,181000.0,162000.0,17,0.46,미사용,0,2,유지
CUST000260,2019-03-01,25.0,여성,영남,골드,88.0,742.0,142000.0,227000.0,18,0.105,미사용,0,0,유지
CUST000261,2020-12-11,61.0,남성,영남,골드,66.6,592.0,970000.0,1006000.0,15,0.282,미사용,0,0,유지
CUST000262,2020-12-07,35.0,남성,수도권,일반,66.7,715.0,445000.0,309000.0,20,0.133,미사용,0,0,유지
CUST000263,2020-06-22,25.0,여성,호남,일반,72.2,697.0,540000.0,570000.0,14,0.769,미사용,1,2,유지
CUST000264,2019-04-30,38.0,남성,영남,일반,86.0,644.0,383000.0,277000.0,12,0.288,사용,1,1,유지
CUST000265,2021-08-20,43.0,남성,호남,일반,58.3,664.0,197000.0,237000.0,7,0.222,미사용,0,0,유지
CUST000266,2018-12-09,27.0,여성,충청,일반,90.7,589.0,1265000.0,859000.0,9,0.205,미사용,0,0,해지
CUST000267,2020-06-05,55.0,여성,영남,골드,72.8,479.0,445000.0,359000.0,13,0.61,사용,1,1,유지
CUST000268,2024-06-08,27.0,여성,강원,일반,24.7,716.0,626000.0,425000.0,12,0.876,미사용,0,0,유지
CUST000269,2019-10-12,41.0,남성,충청,플래티넘,80.6,795.0,1038000.0,958000.0,15,0.706,미사용,0,1,유지
CUST000270,2024-03-12,19.0,남성,제주,일반,27.6,732.0,351000.0,281000.0,13,0.4,미사용,0,2,유지
CUST000271,2018-03-03,56.0,남성,수도권,블랙,99.9,659.0,548000.0,215000.0,12,0.541,미사용,0,0,해지
CUST000272,2018-04-10,36.0,여성,호남,플래티넘,98.7,728.0,404000.0,409000.0,18,,사용,0,1,유지
CUST000273,2018-02-28,34.0,여성,호남,골드,100.0,760.0,291000.0,237000.0,13,0.353,미사용,0,0,유지
CUST000274,2020-05-19,47.0,남성,수도권,일반,73.4,708.0,403000.0,452000.0,20,0.696,미사용,0,0,유지
CUST000275,2021-03-07,41.0,남성,영남,플래티넘,63.8,698.0,432000.0,570000.0,14,0.682,미사용,1,1,유지
CUST000276,2025-04-11,19.0,남성,호남,플래티넘,14.6,719.0,438000.0,387000.0,11,0.897,미사용,0,4,유지
CUST000277,2018-06-22,42.0,여성,수도권,플래티넘,96.3,654.0,318000.0,233000.0,16,0.445,미사용,1,0,유지
CUST000278,2024-07-22,49.0,여성,수도권,일반,23.3,816.0,599000.0,512000.0,17,0.486,사용,1,2,유지
CUST000279,2019-03-29,30.0,남성,영남,일반,87.1,668.0,364000.0,322000.0,10,0.542,미사용,1,0,해지
CUST000280,2022-10-31,38.0,남성,수도권,일반,44.0,746.0,663000.0,678000.0,15,,사용,0,1,유지
CUST000281,2025-08-11,25.0,여성,수도권,골드,10.6,654.0,277000.0,277000.0,10,0.0,미사용,0,0,유지
CUST000282,2020-03-23,44.0,여성,호남,골드,75.2,761.0,401000.0,364000.0,11,,미사용,0,2,유지
CUST000283,2020-05-02,59.0,남성,수도권,골드,73.9,609.0,512000.0,748000.0,15,0.997,사용,0,2,유지
CUST000284,2018-02-19,33.0,여성,수도권,일반,100.3,660.0,840000.0,740000.0,9,0.552,미사용,1,1,유지
CUST000285,2018-04-13,35.0,남성,충청,골드,98.6,776.0,759000.0,685000.0,10,0.42,미사용,1,1,유지
CUST000286,2022-09-04,41.0,여성,수도권,일반,45.8,812.0,177000.0,94000.0,9,0.125,미사용,0,0,해지
CUST000287,2020-03-17,42.0,남성,충청,일반,75.4,646.0,396000.0,473000.0,14,0.256,사용,0,1,유지
CUST000288,2021-08-26,37.0,여성,수도권,골드,58.1,706.0,467000.0,393000.0,11,0.357,미사용,0,3,유지
CUST000289,2019-11-30,40.0,여성,충청,일반,79.0,682.0,434000.0,442000.0,14,0.292,미사용,0,0,유지
CUST000290,2021-09-23,41.0,여성,영남,골드,57.2,646.0,297000.0,330000.0,12,0.331,미사용,0,1,유지
CUST000291,2019-04-17,51.0,남성,호남,골드,86.4,393.0,256000.0,182000.0,15,0.853,미사용,0,0,해지
CUST000292,2023-01-17,32.0,남성,수도권,일반,41.4,749.0,552000.0,196000.0,15,0.0,미사용,2,0,유지
CUST000293,2020-08-07,28.0,여성,수도권,일반,70.7,628.0,136000.0,183000.0,14,0.432,사용,1,0,유지
CUST000294,2018-10-28,37.0,남성,영남,플래티넘,92.0,481.0,200000.0,254000.0,9,0.498,미사용,0,0,유지
CUST000295,2020-04-04,53.0,여성,수도권,일반,74.8,751.0,1139000.0,751000.0,16,0.569,미사용,1,1,유지
CUST000296,2018-09-24,47.0,여성,수도권,일반,93.2,777.0,157000.0,157000.0,11,0.654,미사용,0,0,해지
CUST000297,2021-06-28,33.0,남성,수도권,일반,60.1,658.0,287000.0,315000.0,6,0.576,미사용,0,0,유지
CUST000298,2024-08-17,42.0,남성,호남,블랙,22.4,551.0,220000.0,272000.0,14,0.4,사용,0,1,유지
CUST000299,2024-07-25,25.0,남성,수도권,플래티넘,23.2,668.0,487000.0,561000.0,12,0.751,사용,0,0,유지
CUST000300,2021-11-03,43.0,여성,영남,일반,55.8,617.0,620000.0,587000.0,8,0.124,미사용,1,0,유지
CUST000301,2022-08-31,36.0,남성,호남,골드,46.0,,489000.0,487000.0,11,0.78,미사용,0,1,유지
CUST000302,2023-09-02,56.0,여성,호남,플래티넘,33.9,824.0,918000.0,1008000.0,11,0.257,미사용,0,3,유지
CUST000303,2024-07-15,30.0,남성,충청,골드,23.5,775.0,1690000.0,1895000.0,16,0.547,미사용,0,0,유지
CUST000304,2019-03-02,58.0,남성,영남,일반,87.9,617.0,142000.0,181000.0,20,0.588,미사용,1,0,유지
CUST000305,2020-12-13,36.0,여성,호남,플래티넘,66.5,608.0,270000.0,298000.0,12,0.34,미사용,1,2,유지
CUST000306,2025-02-13,33.0,여성,수도권,골드,16.5,706.0,178000.0,140000.0,14,0.4,미사용,1,1,해지
CUST000307,2024-12-30,41.0,여성,충청,블랙,18.0,724.0,332000.0,387000.0,22,0.643,사용,0,1,유지
CUST000308,2024-06-06,41.0,여성,호남,골드,24.8,840.0,306000.0,452000.0,20,0.184,미사용,1,2,유지
CUST000309,2018-01-12,45.0,남성,영남,골드,101.5,676.0,205000.0,246000.0,13,0.491,미사용,0,2,유지
CUST000310,2018-08-05,19.0,여성,수도권,일반,94.8,862.0,521000.0,661000.0,10,0.0,미사용,0,2,유지
CUST000311,2023-04-25,61.0,남성,충청,골드,38.2,661.0,483000.0,372000.0,11,0.516,미사용,1,1,유지
CUST000312,2023-08-10,28.0,여성,수도권,일반,34.7,613.0,884000.0,729000.0,9,0.39,미사용,0,1,해지
CUST000313,2024-09-23,35.0,여성,수도권,일반,21.2,616.0,482000.0,389000.0,19,0.418,미사용,0,0,해지
CUST000314,2023-07-16,49.0,여성,수도권,일반,35.5,892.0,394000.0,233000.0,18,0.561,미사용,0,0,유지
CUST000315,2022-04-10,40.0,남성,수도권,일반,50.7,753.0,480000.0,438000.0,15,0.242,미사용,0,3,유지
CUST000316,2019-12-03,30.0,여성,영남,일반,78.9,659.0,576000.0,574000.0,12,0.621,미사용,0,0,유지
CUST000317,2018-03-18,45.0,남성,충청,골드,99.4,650.0,879000.0,930000.0,23,0.529,미사용,0,0,유지
CUST000318,2022-09-15,67.0,여성,수도권,일반,45.5,707.0,1023000.0,1247000.0,15,0.425,사용,0,0,유지
CUST000319,2020-05-04,53.0,여성,충청,골드,73.9,743.0,352000.0,232000.0,20,0.459,미사용,0,1,유지
CUST000320,2024-12-29,24.0,남성,수도권,플래티넘,18.0,613.0,1004000.0,946000.0,8,,미사용,0,0,유지
CUST000321,2018-12-14,30.0,여성,충청,골드,90.5,747.0,334000.0,248000.0,13,0.748,사용,0,0,유지
CUST000322,2025-06-01,50.0,남성,수도권,일반,12.9,540.0,245000.0,364000.0,11,0.718,미사용,1,1,유지
CUST000323,2018-07-13,28.0,남성,수도권,일반,95.6,830.0,334000.0,180000.0,13,0.597,사용,0,1,유지
CUST000324,2020-07-07,39.0,남성,충청,골드,71.7,721.0,274000.0,214000.0,19,0.443,미사용,0,0,유지
CUST000325,2018-02-18,32.0,여성,수도권,일반,100.3,701.0,328000.0,449000.0,15,0.543,미사용,0,0,해지
CUST000326,2018-06-05,44.0,남성,충청,골드,96.8,683.0,1025000.0,1308000.0,7,1.0,미사용,2,3,유지
CUST000327,2019-04-09,60.0,여성,영남,골드,86.7,681.0,565000.0,511000.0,19,0.392,사용,0,1,유지
CUST000328,2025-01-26,40.0,남성,강원,일반,17.1,742.0,299000.0,366000.0,14,,미사용,0,2,유지
CUST000329,2024-06-16,45.0,남성,수도권,일반,24.4,582.0,286000.0,301000.0,12,0.48,미사용,1,1,유지
CUST000330,2022-08-22,32.0,남성,수도권,일반,46.3,686.0,419000.0,578000.0,23,0.605,미사용,0,0,유지
CUST000331,2022-10-07,53.0,남성,수도권,일반,44.7,,458000.0,366000.0,7,0.441,미사용,0,1,해지
CUST000332,2021-03-13,22.0,여성,충청,골드,63.6,600.0,243000.0,260000.0,10,0.738,미사용,1,1,유지
CUST000333,2022-11-24,48.0,남성,영남,일반,43.2,694.0,449000.0,411000.0,16,0.373,사용,0,2,해지
CUST000334,2019-04-20,48.0,여성,수도권,일반,86.3,730.0,931000.0,1030000.0,12,0.934,미사용,0,1,유지
CUST000335,2019-07-05,51.0,여성,호남,일반,83.8,533.0,417000.0,389000.0,12,0.735,사용,1,1,유지
CUST000336,2024-03-25,44.0,여성,충청,일반,27.2,839.0,402000.0,398000.0,11,0.218,미사용,1,0,유지
CUST000337,2024-01-18,49.0,남성,영남,플래티넘,29.4,479.0,192000.0,234000.0,11,1.0,미사용,0,1,유지
CUST000338,2022-03-20,31.0,남성,호남,플래티넘,51.3,593.0,705000.0,854000.0,16,0.588,미사용,0,1,유지
CUST000339,2024-10-16,69.0,여성,충청,일반,20.4,674.0,273000.0,187000.0,11,1.0,미사용,1,1,해지
CUST000340,2019-10-04,35.0,남성,제주,일반,80.8,679.0,147000.0,194000.0,14,,미사용,0,1,유지
CUST000341,2020-08-31,29.0,남성,수도권,일반,69.9,,544000.0,545000.0,10,0.638,미사용,0,3,유지
CUST000342,2024-11-06,50.0,남성,영남,일반,19.7,834.0,157000.0,164000.0,14,0.558,사용,1,0,해지
CUST000343,2024-08-17,43.0,남성,호남,일반,22.4,718.0,191000.0,150000.0,12,0.553,미사용,2,1,유지
CUST000344,2019-03-13,34.0,남성,수도권,블랙,87.6,686.0,1626000.0,1084000.0,10,0.43,사용,1,1,유지
CUST000345,2021-05-07,48.0,여성,수도권,플래티넘,61.8,594.0,364000.0,315000.0,13,0.341,미사용,0,0,유지
CUST000346,2020-01-05,37.0,여성,충청,골드,77.8,683.0,490000.0,300000.0,16,0.814,미사용,1,0,유지
CUST000347,2019-01-04,63.0,남성,제주,골드,89.8,552.0,591000.0,93000.0,10,0.111,미사용,0,1,해지
CUST000348,2025-02-24,41.0,남성,수도권,플래티넘,16.1,722.0,310000.0,207000.0,17,0.563,미사용,1,2,유지
CUST000349,2025-03-03,43.0,여성,수도권,블랙,15.9,667.0,585000.0,606000.0,17,0.241,미사용,2,0,유지
CUST000350,2021-04-13,22.0,여성,수도권,플래티넘,62.5,705.0,717000.0,833000.0,10,0.324,미사용,0,2,유지
CUST000351,2018-05-28,39.0,남성,수도권,일반,97.1,730.0,533000.0,441000.0,14,0.584,미사용,0,1,해지
CUST000352,2022-02-28,54.0,여성,호남,일반,52.0,689.0,861000.0,642000.0,17,0.592,사용,0,1,유지
CUST000353,2022-05-21,35.0,여성,수도권,일반,49.3,717.0,1949000.0,463000.0,15,0.359,미사용,0,0,유지
CUST000354,2020-01-21,49.0,남성,수도권,골드,77.3,810.0,302000.0,353000.0,15,0.486,사용,0,0,유지
CUST000355,2019-01-21,62.0,여성,호남,골드,89.3,717.0,804000.0,906000.0,14,0.853,사용,0,0,유지
CUST000356,2023-06-09,37.0,남성,호남,플래티넘,36.7,785.0,456000.0,452000.0,18,0.512,사용,1,0,유지
CUST000357,2020-12-09,45.0,여성,충청,일반,66.7,740.0,163000.0,117000.0,15,0.923,미사용,0,1,유지
CUST000358,2025-04-06,41.0,남성,수도권,일반,14.8,547.0,247000.0,279000.0,10,0.296,미사용,0,1,유지
CUST000359,2019-11-17,28.0,남성,수도권,골드,79.4,658.0,483000.0,635000.0,13,0.538,사용,1,0,유지
CUST000360,2021-04-13,43.0,여성,충청,플래티넘,62.5,809.0,297000.0,209000.0,15,0.4,미사용,0,1,유지
CUST000361,2020-05-15,41.0,남성,수도권,골드,73.5,624.0,320000.0,246000.0,16,0.456,미사용,0,0,유지
CUST000362,2023-04-13,38.0,남성,수도권,일반,38.6,628.0,426000.0,487000.0,16,0.071,미사용,1,0,유지
CUST000363,2020-02-16,43.0,남성,호남,일반,76.4,626.0,327000.0,216000.0,23,,미사용,0,0,유지
CUST000364,2022-09-29,54.0,여성,강원,골드,45.0,,524000.0,513000.0,17,0.397,사용,0,1,유지
CUST000365,2018-03-22,51.0,남성,수도권,일반,99.3,617.0,287000.0,389000.0,16,0.61,미사용,0,0,유지
CUST000366,2025-03-23,21.0,여성,수도권,일반,15.2,680.0,278000.0,282000.0,17,0.493,미사용,1,0,유지
CUST000367,2023-10-05,22.0,여성,수도권,골드,32.8,624.0,428000.0,279000.0,14,0.623,미사용,0,0,유지
CUST000368,2023-03-13,41.0,여성,수도권,일반,39.6,654.0,521000.0,524000.0,21,0.16,미사용,0,1,유지
CUST000369,2025-07-09,43.0,남성,강원,골드,11.7,926.0,522000.0,372000.0,13,0.47,미사용,0,1,유지
CUST000370,2018-12-11,36.0,여성,영남,플래티넘,90.6,,416000.0,331000.0,15,0.622,미사용,0,1,유지
CUST000371,2022-04-05,,여성,강원,플래티넘,50.8,750.0,340000.0,284000.0,12,0.487,미사용,1,0,유지
CUST000372,2025-05-07,42.0,여성,수도권,일반,13.8,675.0,315000.0,348000.0,17,0.306,사용,0,0,해지
CUST000373,2024-02-27,28.0,남성,수도권,골드,28.1,628.0,527000.0,609000.0,20,0.645,사용,0,1,유지
CUST000374,2019-01-31,50.0,여성,호남,일반,88.9,568.0,769000.0,1230000.0,9,0.285,미사용,1,2,유지
CUST000375,2018-01-11,35.0,여성,수도권,골드,101.6,493.0,270000.0,280000.0,12,0.494,미사용,0,0,유지
CUST000376,2024-04-16,42.0,남성,제주,일반,26.4,634.0,238000.0,196000.0,12,0.847,미사용,0,0,유지
CUST000377,2019-10-19,33.0,남성,제주,일반,80.4,671.0,486000.0,376000.0,14,0.562,미사용,0,0,유지
CUST000378,2020-10-15,36.0,여성,제주,일반,68.5,707.0,1340000.0,1389000.0,22,0.855,사용,0,1,유지
CUST000379,2023-01-12,31.0,여성,호남,일반,41.6,655.0,706000.0,533000.0,11,0.408,미사용,0,1,유지
CUST000380,2018-06-28,52.0,여성,충청,골드,96.1,676.0,348000.0,437000.0,11,0.358,사용,0,3,유지
CUST000381,2021-08-24,38.0,여성,수도권,일반,58.2,693.0,274000.0,189000.0,11,0.476,미사용,0,0,유지
CUST000382,2021-07-21,54.0,여성,영남,일반,59.3,738.0,258000.0,203000.0,9,0.171,사용,0,1,유지
CUST000383,2022-02-06,58.0,남성,영남,플래티넘,52.7,641.0,743000.0,951000.0,13,0.625,미사용,0,2,유지
CUST000384,2024-04-19,44.0,남성,수도권,일반,26.3,719.0,198000.0,171000.0,9,0.754,사용,1,0,유지
CUST000385,2025-07-30,56.0,여성,수도권,플래티넘,11.0,664.0,251000.0,333000.0,17,0.391,미사용,1,1,유지
CUST000386,2023-04-15,55.0,여성,수도권,일반,38.5,684.0,431000.0,238000.0,16,0.289,사용,0,1,해지
CUST000387,2021-08-15,64.0,여성,수도권,골드,58.5,713.0,717000.0,559000.0,11,0.709,미사용,0,1,유지
CUST000388,2018-11-07,27.0,남성,수도권,블랙,91.7,693.0,571000.0,525000.0,17,0.857,미사용,0,1,유지
CUST000389,2022-06-02,40.0,여성,충청,골드,48.9,768.0,706000.0,865000.0,13,0.084,미사용,0,1,해지
CUST000390,2021-08-16,58.0,남성,수도권,일반,58.4,759.0,786000.0,526000.0,13,0.009,미사용,0,0,유지
CUST000391,2021-03-12,49.0,여성,수도권,골드,63.6,623.0,820000.0,630000.0,15,0.633,미사용,0,2,유지
CUST000392,2022-06-29,31.0,여성,호남,블랙,48.0,628.0,636000.0,504000.0,12,0.621,미사용,0,0,유지
CUST000393,2018-05-30,56.0,남성,수도권,일반,97.0,715.0,1200000.0,892000.0,19,0.552,미사용,1,0,유지
CUST000394,2021-10-05,24.0,여성,충청,일반,56.8,730.0,89000.0,72000.0,13,0.0,미사용,0,0,유지
CUST000395,2020-03-17,36.0,여성,영남,일반,75.4,510.0,531000.0,483000.0,19,0.551,미사용,0,1,유지
CUST000396,2023-10-25,42.0,남성,영남,일반,32.2,655.0,553000.0,747000.0,13,0.102,미사용,0,1,유지
CUST000397,2022-05-24,46.0,여성,수도권,일반,49.2,670.0,242000.0,227000.0,14,0.531,미사용,0,1,해지
CUST000398,2022-11-16,52.0,여성,수도권,일반,43.4,763.0,237000.0,232000.0,19,0.746,미사용,0,1,유지
CUST000399,2023-07-23,40.0,남성,호남,일반,35.2,647.0,438000.0,546000.0,17,0.624,미사용,0,0,유지
CUST000400,2024-07-31,44.0,남성,영남,일반,23.0,579.0,693000.0,702000.0,14,0.655,미사용,1,2,유지
CUST000401,2020-05-12,56.0,여성,수도권,플래티넘,73.6,717.0,205000.0,185000.0,19,0.654,미사용,0,0,유지
CUST000402,2022-07-05,36.0,여성,강원,골드,47.8,549.0,166000.0,139000.0,11,0.317,미사용,1,0,해지
CUST000403,2024-10-29,52.0,남성,수도권,일반,20.0,772.0,350000.0,421000.0,11,0.591,미사용,0,0,유지
CUST000404,2018-04-10,35.0,여성,호남,골드,98.7,710.0,733000.0,605000.0,9,0.166,사용,0,1,유지
CUST000405,2020-12-27,37.0,남성,충청,일반,66.1,817.0,1258000.0,1749000.0,13,0.541,미사용,1,0,유지
CUST000406,2020-05-24,19.0,여성,수도권,일반,73.2,709.0,641000.0,333000.0,17,0.395,사용,1,3,해지
CUST000407,2019-05-16,23.0,여성,호남,플래티넘,85.5,778.0,231000.0,141000.0,15,0.725,사용,0,2,유지
CUST000408,2019-06-25,33.0,남성,수도권,일반,84.2,612.0,547000.0,620000.0,15,0.57,미사용,0,0,유지
CUST000409,2020-09-28,44.0,남성,수도권,골드,69.0,725.0,798000.0,571000.0,14,0.646,미사용,1,0,유지
CUST000410,2018-03-09,59.0,여성,호남,블랙,99.7,640.0,240000.0,209000.0,17,0.195,사용,0,0,유지
CUST000411,2024-07-27,33.0,남성,충청,일반,23.1,,601000.0,762000.0,13,0.563,미사용,0,1,유지
CUST000412,2021-10-20,33.0,여성,수도권,일반,56.3,645.0,209000.0,238000.0,18,0.571,미사용,0,1,유지
CUST000413,2021-06-10,19.0,남성,수도권,골드,60.6,710.0,884000.0,688000.0,18,0.425,미사용,1,0,유지
CUST000414,2022-06-28,48.0,여성,영남,일반,48.1,671.0,400000.0,525000.0,11,0.51,미사용,0,0,유지
CUST000415,2020-10-24,53.0,남성,영남,플래티넘,68.2,718.0,328000.0,325000.0,15,0.214,미사용,0,0,유지
CUST000416,2022-03-25,58.0,남성,영남,일반,51.2,693.0,770000.0,893000.0,15,0.319,사용,0,0,유지
CUST000417,2024-07-10,54.0,남성,충청,블랙,23.7,545.0,272000.0,240000.0,12,0.096,미사용,0,0,유지
CUST000418,2023-06-25,54.0,남성,수도권,골드,36.2,723.0,530000.0,428000.0,12,0.433,사용,0,2,유지
CUST000419,2024-06-11,65.0,남성,강원,골드,24.6,532.0,585000.0,266000.0,9,0.223,미사용,0,0,유지
CUST000420,2024-01-02,27.0,남성,수도권,일반,29.9,762.0,897000.0,592000.0,13,0.393,미사용,0,0,해지
CUST000421,2023-01-08,35.0,남성,수도권,일반,41.7,745.0,435000.0,382000.0,10,0.444,미사용,0,1,유지
CUST000422,2023-02-24,42.0,남성,호남,골드,40.1,616.0,177000.0,228000.0,19,0.368,미사용,0,1,유지
CUST000423,2023-11-03,21.0,남성,호남,일반,31.9,790.0,278000.0,130000.0,13,0.453,사용,2,2,해지
CUST000424,2018-10-02,31.0,여성,충청,일반,92.9,622.0,431000.0,338000.0,15,0.718,미사용,0,1,유지
CUST000425,2022-05-24,42.0,남성,제주,일반,49.2,581.0,674000.0,332000.0,15,0.493,미사용,0,1,해지
CUST000426,2019-07-18,63.0,남성,수도권,골드,83.4,686.0,592000.0,593000.0,9,0.547,미사용,1,0,유지
CUST000427,2025-07-02,31.0,여성,호남,일반,11.9,831.0,573000.0,718000.0,16,0.441,미사용,1,0,유지
CUST000428,2019-01-15,36.0,남성,수도권,일반,89.5,639.0,133000.0,119000.0,13,0.341,사용,0,0,유지
CUST000429,2020-08-20,19.0,남성,제주,골드,70.3,721.0,413000.0,492000.0,14,0.571,사용,0,1,유지
CUST000430,2018-08-16,28.0,여성,충청,일반,94.4,654.0,397000.0,290000.0,17,0.91,사용,0,2,유지
CUST000431,2023-08-06,40.0,남성,호남,골드,34.8,662.0,1214000.0,901000.0,12,0.7,미사용,0,0,유지
CUST000432,2018-03-23,42.0,남성,강원,골드,99.2,636.0,461000.0,376000.0,14,0.208,미사용,1,0,유지
CUST000433,2019-04-25,30.0,남성,영남,골드,86.2,657.0,290000.0,318000.0,9,0.481,사용,0,0,유지
CUST000434,2022-05-05,27.0,여성,수도권,일반,49.8,569.0,495000.0,605000.0,13,0.903,사용,2,1,유지
CUST000435,2020-02-22,30.0,여성,충청,일반,76.2,665.0,214000.0,198000.0,15,0.435,미사용,2,0,유지
CUST000436,2019-03-28,33.0,여성,제주,플래티넘,87.1,754.0,148000.0,196000.0,8,0.3,사용,1,1,유지
CUST000437,2024-06-05,32.0,여성,호남,플래티넘,24.8,795.0,478000.0,312000.0,16,0.727,미사용,0,2,유지
CUST000438,2021-03-09,37.0,여성,제주,일반,63.7,661.0,251000.0,307000.0,15,0.534,사용,0,0,유지
CUST000439,2023-07-04,,남성,영남,일반,35.9,587.0,337000.0,219000.0,20,0.62,미사용,0,0,해지
CUST000440,2025-01-17,65.0,남성,수도권,골드,17.4,789.0,523000.0,384000.0,8,0.48,미사용,0,0,유지
CUST000441,2022-04-09,41.0,남성,충청,플래티넘,50.7,626.0,979000.0,718000.0,12,0.0,미사용,2,0,유지
CUST000442,2019-03-03,32.0,남성,영남,골드,87.9,637.0,371000.0,491000.0,12,0.383,미사용,0,0,유지
CUST000443,2024-06-23,29.0,남성,수도권,골드,24.2,810.0,340000.0,152000.0,18,0.411,미사용,2,1,해지
CUST000444,2023-09-09,37.0,여성,영남,골드,33.7,624.0,574000.0,738000.0,17,0.688,미사용,0,0,유지
CUST000445,2020-03-12,47.0,남성,수도권,플래티넘,75.6,701.0,846000.0,738000.0,20,0.367,미사용,0,0,유지
CUST000446,2023-11-21,51.0,여성,영남,골드,31.3,696.0,363000.0,416000.0,15,0.582,미사용,0,0,유지
CUST000447,2020-09-09,56.0,남성,영남,일반,69.6,701.0,261000.0,45000.0,13,0.481,미사용,0,0,해지
CUST000448,2020-07-04,,남성,영남,플래티넘,71.8,623.0,271000.0,375000.0,12,0.175,사용,0,2,해지
CUST000449,2018-12-29,51.0,남성,호남,일반,90.0,576.0,500000.0,376000.0,14,0.382,미사용,1,1,유지
CUST000450,2020-07-16,44.0,여성,영남,골드,71.5,580.0,256000.0,347000.0,9,0.25,미사용,0,0,유지
CUST000451,2022-03-04,25.0,여성,충청,플래티넘,51.9,817.0,727000.0,1116000.0,11,0.574,미사용,0,2,유지
CUST000452,2018-11-16,45.0,여성,수도권,일반,91.4,652.0,286000.0,325000.0,15,0.533,미사용,0,1,유지
CUST000453,2024-06-29,26.0,여성,호남,일반,24.0,707.0,859000.0,993000.0,16,0.134,미사용,1,2,해지
CUST000454,2018-03-14,35.0,여성,수도권,일반,99.5,804.0,417000.0,377000.0,6,0.048,미사용,2,2,해지
CUST000455,2021-02-18,58.0,여성,호남,일반,64.3,699.0,411000.0,475000.0,10,0.417,미사용,0,0,유지
CUST000456,2021-12-07,46.0,여성,충청,일반,54.7,620.0,939000.0,402000.0,9,0.688,미사용,0,0,유지
CUST000457,2022-01-27,49.0,남성,호남,일반,53.1,677.0,461000.0,320000.0,12,0.327,사용,0,0,유지
CUST000458,2022-05-30,35.0,남성,영남,골드,49.0,595.0,668000.0,512000.0,12,0.637,미사용,1,2,해지
CUST000459,2023-06-23,36.0,남성,충청,일반,36.2,521.0,581000.0,218000.0,10,0.338,미사용,0,0,해지
CUST000460,2020-10-21,31.0,여성,수도권,플래티넘,68.3,,535000.0,384000.0,13,0.41,미사용,1,0,유지
CUST000461,2024-11-22,26.0,남성,충청,플래티넘,19.2,620.0,334000.0,369000.0,8,0.396,미사용,0,1,유지
CUST000462,2025-02-18,53.0,여성,영남,플래티넘,16.3,607.0,1657000.0,1447000.0,17,0.424,사용,0,0,유지
CUST000463,2022-02-19,33.0,남성,수도권,일반,52.3,726.0,420000.0,335000.0,15,0.758,미사용,0,3,해지
CUST000464,2022-10-07,53.0,남성,호남,일반,44.7,784.0,277000.0,146000.0,10,0.266,사용,2,0,해지
CUST000465,2018-01-03,40.0,남성,수도권,플래티넘,101.8,604.0,182000.0,181000.0,15,0.272,미사용,1,0,유지
CUST000466,2018-02-10,41.0,여성,영남,골드,100.6,549.0,500000.0,521000.0,17,0.441,미사용,0,2,유지
CUST000467,2022-01-08,39.0,여성,수도권,골드,53.7,640.0,305000.0,294000.0,8,0.598,미사용,0,3,유지
CUST000468,2021-03-24,40.0,남성,강원,일반,63.2,560.0,1560000.0,1520000.0,18,0.87,미사용,0,1,해지
CUST000469,2024-07-29,19.0,남성,수도권,플래티넘,23.0,540.0,226000.0,215000.0,20,0.434,사용,0,1,유지
CUST000470,2020-12-03,56.0,남성,충청,플래티넘,66.9,829.0,504000.0,507000.0,16,0.481,사용,0,0,유지
CUST000471,2021-06-13,52.0,여성,영남,골드,60.5,701.0,353000.0,387000.0,12,0.63,사용,0,0,유지
CUST000472,2018-12-23,42.0,남성,충청,일반,90.2,722.0,323000.0,439000.0,13,0.2,미사용,0,0,유지
CUST000473,2023-09-14,53.0,여성,수도권,블랙,33.5,747.0,559000.0,440000.0,12,0.728,사용,0,0,유지
CUST000474,2021-06-03,46.0,여성,영남,골드,60.9,581.0,295000.0,291000.0,18,0.228,미사용,0,0,해지
CUST000475,2023-08-07,35.0,여성,호남,플래티넘,34.8,553.0,707000.0,562000.0,11,0.55,미사용,0,1,유지
CUST000476,2025-07-29,40.0,남성,호남,일반,11.0,739.0,338000.0,215000.0,14,0.594,미사용,0,0,해지
CUST000477,2018-01-23,38.0,여성,충청,플래티넘,101.2,675.0,434000.0,197000.0,13,0.367,미사용,0,2,해지
CUST000478,2018-09-15,19.0,여성,영남,일반,93.5,713.0,519000.0,538000.0,16,0.62,미사용,0,0,유지
CUST000479,2019-06-18,37.0,여성,호남,골드,84.4,697.0,380000.0,356000.0,11,0.324,사용,0,1,유지
CUST000480,2023-03-17,46.0,남성,영남,일반,39.5,509.0,414000.0,539000.0,16,0.913,미사용,0,0,유지
CUST000481,2020-08-01,31.0,남성,수도권,플래티넘,70.9,813.0,322000.0,229000.0,15,0.36,사용,0,0,유지
CUST000482,2018-07-08,41.0,여성,수도권,골드,95.7,641.0,331000.0,297000.0,13,0.549,미사용,1,1,유지
CUST000483,2020-07-16,42.0,여성,영남,골드,71.5,706.0,654000.0,428000.0,13,0.355,미사용,0,0,유지
CUST000484,2023-01-07,66.0,여성,영남,골드,41.7,603.0,520000.0,541000.0,10,0.48,미사용,0,0,유지
CUST000485,2023-06-15,55.0,여성,영남,플래티넘,36.5,815.0,654000.0,391000.0,14,0.875,사용,0,1,해지
CUST000486,2020-07-31,47.0,여성,충청,일반,71.0,546.0,912000.0,513000.0,16,0.354,미사용,0,2,해지
CUST000487,2021-01-30,64.0,여성,수도권,일반,64.9,691.0,307000.0,248000.0,19,0.336,미사용,1,1,해지
CUST000488,2019-06-27,39.0,남성,충청,일반,84.1,574.0,381000.0,274000.0,11,0.364,미사용,1,1,유지
CUST000489,2023-11-22,33.0,여성,충청,일반,31.2,690.0,324000.0,273000.0,19,0.795,미사용,0,0,유지
CUST000490,2024-05-16,43.0,여성,충청,플래티넘,25.5,730.0,704000.0,637000.0,18,0.69,사용,0,0,유지
CUST000491,2023-01-21,33.0,남성,영남,골드,41.3,611.0,1800000.0,1496000.0,13,0.375,미사용,1,1,해지
CUST000492,2019-07-20,36.0,남성,호남,일반,83.3,624.0,165000.0,141000.0,14,0.603,미사용,0,0,유지
CUST000493,2024-06-04,32.0,남성,수도권,플래티넘,24.8,673.0,412000.0,147000.0,21,0.514,미사용,1,0,해지
CUST000494,2019-10-23,32.0,남성,영남,블랙,80.2,682.0,247000.0,195000.0,17,0.529,미사용,0,2,유지
CUST000495,2021-07-25,30.0,여성,강원,일반,59.2,714.0,954000.0,802000.0,13,0.69,사용,0,1,해지
CUST000496,2022-08-03,49.0,여성,수도권,일반,46.9,799.0,589000.0,467000.0,15,0.87,미사용,0,0,유지
CUST000497,2019-08-10,43.0,여성,수도권,일반,82.7,560.0,483000.0,282000.0,16,0.555,미사용,2,1,해지
CUST000498,2022-04-08,42.0,여성,영남,일반,50.7,527.0,490000.0,411000.0,11,0.08,미사용,1,1,해지
CUST000499,2020-10-05,47.0,남성,수도권,골드,68.8,777.0,613000.0,464000.0,9,0.83,미사용,1,0,유지
CUST000500,2025-05-05,54.0,남성,수도권,골드,13.8,,347000.0,338000.0,11,0.382,미사용,0,2,유지
CUST000501,2023-07-07,30.0,여성,수도권,플래티넘,35.8,737.0,474000.0,685000.0,17,0.461,미사용,0,1,유지
CUST000502,2023-01-12,33.0,남성,충청,일반,41.6,,330000.0,309000.0,13,0.524,미사용,0,0,유지
CUST000503,2018-05-22,39.0,여성,영남,플래티넘,97.3,709.0,1103000.0,1060000.0,13,0.362,사용,1,0,해지
CUST000504,2020-10-04,58.0,여성,수도권,일반,68.8,793.0,741000.0,895000.0,8,0.755,미사용,0,2,유지
CUST000505,2023-04-29,32.0,남성,영남,골드,38.0,669.0,140000.0,67000.0,12,0.031,미사용,0,1,유지
CUST000506,2025-07-11,48.0,남성,수도권,플래티넘,11.6,652.0,338000.0,288000.0,9,0.518,미사용,0,2,유지
CUST000507,2019-07-11,37.0,남성,강원,골드,83.6,675.0,266000.0,226000.0,7,0.518,미사용,2,0,유지
CUST000508,2023-09-26,41.0,남성,수도권,골드,33.1,788.0,362000.0,537000.0,20,0.631,미사용,0,0,유지
CUST000509,2018-08-19,30.0,남성,제주,골드,94.3,568.0,557000.0,171000.0,6,0.409,미사용,0,2,해지
CUST000510,2018-06-06,40.0,여성,영남,일반,96.8,729.0,227000.0,212000.0,13,0.08,미사용,0,0,유지
CUST000511,2025-03-23,34.0,남성,강원,일반,15.2,800.0,245000.0,121000.0,18,0.362,미사용,1,0,해지
CUST000512,2022-10-25,29.0,남성,호남,일반,44.2,767.0,480000.0,573000.0,11,0.527,미사용,0,0,유지
CUST000513,2019-03-23,57.0,여성,수도권,일반,87.3,843.0,383000.0,359000.0,14,0.187,미사용,3,0,유지
CUST000514,2020-06-24,54.0,여성,수도권,블랙,72.2,807.0,470000.0,447000.0,18,0.835,미사용,0,0,유지
CUST000515,2023-12-24,43.0,여성,수도권,일반,30.2,681.0,295000.0,275000.0,17,0.881,사용,1,1,해지
CUST000516,2024-05-05,52.0,남성,수도권,일반,25.8,722.0,209000.0,320000.0,18,0.941,미사용,2,1,유지
CUST000517,2024-12-26,32.0,남성,충청,골드,18.1,755.0,614000.0,479000.0,17,0.613,사용,0,2,유지
CUST000518,2021-04-02,54.0,여성,영남,일반,62.9,701.0,737000.0,645000.0,13,0.651,미사용,1,2,유지
CUST000519,2022-04-08,41.0,여성,수도권,일반,50.7,799.0,364000.0,261000.0,11,0.36,미사용,0,2,유지
CUST000520,2019-05-09,41.0,남성,강원,골드,85.7,633.0,566000.0,175000.0,15,0.318,사용,0,1,유지
CUST000521,2021-10-26,41.0,남성,제주,골드,56.1,736.0,674000.0,572000.0,9,0.0,미사용,0,0,유지
CUST000522,2023-02-21,69.0,여성,호남,일반,40.2,650.0,363000.0,370000.0,9,0.665,미사용,0,1,해지
CUST000523,2020-10-02,27.0,여성,수도권,블랙,68.9,752.0,158000.0,144000.0,14,0.36,미사용,2,0,유지
CUST000524,2019-08-15,49.0,남성,영남,일반,82.5,673.0,485000.0,501000.0,14,,사용,0,0,유지
CUST000525,2025-01-24,59.0,여성,수도권,블랙,17.1,638.0,748000.0,830000.0,19,0.71,미사용,1,1,유지
CUST000526,2020-12-29,63.0,여성,제주,일반,66.0,,991000.0,821000.0,16,0.218,미사용,0,0,유지
CUST000527,2018-04-12,68.0,남성,영남,일반,98.6,737.0,321000.0,198000.0,11,0.058,사용,0,1,유지
CUST000528,2022-04-08,43.0,남성,강원,일반,50.7,675.0,355000.0,271000.0,16,0.356,사용,0,2,유지
CUST000529,2023-05-25,25.0,남성,호남,플래티넘,37.2,601.0,533000.0,417000.0,9,0.539,미사용,0,1,유지
CUST000530,2020-12-28,47.0,남성,충청,플래티넘,66.0,711.0,980000.0,914000.0,17,0.28,미사용,0,0,유지
CUST000531,2022-09-21,49.0,여성,수도권,일반,45.3,593.0,528000.0,454000.0,13,0.25,미사용,0,2,유지
CUST000532,2019-01-05,59.0,여성,영남,골드,89.8,709.0,316000.0,568000.0,12,0.713,미사용,0,0,유지
CUST000533,2022-02-02,33.0,여성,영남,일반,52.9,870.0,424000.0,380000.0,10,0.15,미사용,0,1,유지
CUST000534,2018-09-26,40.0,여성,수도권,일반,93.1,746.0,633000.0,525000.0,13,0.169,사용,0,2,유지
CUST000535,2024-09-18,37.0,남성,호남,일반,21.4,,246000.0,193000.0,17,0.593,미사용,1,1,유지
CUST000536,2022-06-01,28.0,여성,영남,골드,48.9,836.0,182000.0,174000.0,17,0.758,미사용,1,0,유지
CUST000537,2019-04-10,30.0,남성,호남,골드,86.7,505.0,566000.0,850000.0,12,0.248,미사용,0,1,유지
CUST000538,2018-05-16,42.0,남성,수도권,일반,97.5,688.0,405000.0,340000.0,17,0.687,미사용,0,1,유지
CUST000539,2018-06-30,41.0,여성,강원,플래티넘,96.0,600.0,733000.0,1084000.0,13,0.755,미사용,2,0,유지
CUST000540,2025-02-24,28.0,남성,수도권,일반,16.1,,703000.0,487000.0,18,,미사용,0,1,유지
CUST000541,2023-08-05,30.0,남성,강원,골드,34.8,736.0,824000.0,693000.0,14,0.421,사용,1,0,유지
CUST000542,2024-06-10,24.0,남성,수도권,골드,24.6,517.0,1303000.0,1395000.0,9,0.491,미사용,1,0,유지
CUST000543,2022-02-12,22.0,남성,영남,골드,52.5,551.0,309000.0,424000.0,18,0.575,미사용,0,2,유지
CUST000544,2018-03-20,43.0,여성,수도권,일반,99.3,803.0,417000.0,362000.0,12,0.467,사용,0,1,유지
CUST000545,2023-10-17,41.0,남성,호남,골드,32.4,653.0,749000.0,885000.0,9,0.503,미사용,1,0,유지
CUST000546,2021-05-14,51.0,여성,호남,일반,61.5,898.0,581000.0,436000.0,18,0.716,미사용,0,1,유지
CUST000547,2023-11-23,39.0,여성,수도권,일반,31.2,701.0,390000.0,275000.0,16,0.564,미사용,0,2,해지
CUST000548,2019-10-05,54.0,남성,영남,일반,80.8,687.0,913000.0,397000.0,21,0.399,미사용,1,0,유지
CUST000549,2019-10-04,59.0,남성,충청,일반,80.8,578.0,254000.0,311000.0,13,0.669,미사용,0,0,유지
CUST000550,2023-06-25,58.0,여성,영남,블랙,36.2,756.0,763000.0,539000.0,11,0.615,미사용,0,1,유지
CUST000551,2018-06-12,34.0,남성,수도권,플래티넘,96.6,622.0,639000.0,568000.0,9,0.555,사용,0,2,유지
CUST000552,2020-02-08,48.0,남성,수도권,일반,76.7,764.0,422000.0,124000.0,15,0.4,사용,0,2,해지
CUST000553,2021-08-02,35.0,여성,수도권,골드,58.9,685.0,321000.0,254000.0,11,0.577,미사용,0,0,유지
CUST000554,2018-03-21,63.0,여성,수도권,일반,99.3,688.0,267000.0,243000.0,15,0.922,미사용,1,4,해지
CUST000555,2021-01-21,,남성,호남,일반,65.2,,727000.0,800000.0,8,0.297,사용,0,0,해지
CUST000556,2020-03-20,34.0,여성,영남,골드,75.3,675.0,380000.0,347000.0,12,0.401,미사용,0,2,유지
CUST000557,2022-05-20,35.0,남성,수도권,골드,49.3,,208000.0,168000.0,10,0.415,미사용,1,1,유지
CUST000558,2021-04-24,52.0,남성,수도권,일반,62.2,605.0,378000.0,284000.0,12,0.566,미사용,0,1,해지
CUST000559,2021-06-26,36.0,여성,호남,골드,60.1,866.0,608000.0,340000.0,21,0.061,미사용,0,0,해지
CUST000560,2025-06-18,46.0,여성,영남,일반,12.4,706.0,453000.0,608000.0,19,0.467,미사용,1,1,유지
CUST000561,2018-07-04,38.0,남성,수도권,일반,95.9,950.0,456000.0,529000.0,16,0.311,미사용,0,1,유지
CUST000562,2024-01-10,44.0,남성,제주,플래티넘,29.6,531.0,239000.0,300000.0,9,0.736,미사용,1,0,유지
CUST000563,2021-10-29,45.0,남성,충청,플래티넘,56.0,637.0,80000.0,102000.0,13,0.288,사용,0,0,유지
CUST000564,2023-01-31,54.0,남성,수도권,일반,40.9,528.0,366000.0,437000.0,15,0.424,미사용,1,1,유지
CUST000565,2023-09-05,35.0,남성,수도권,블랙,33.8,622.0,481000.0,448000.0,14,0.268,미사용,0,2,유지
CUST000566,2022-01-17,21.0,남성,수도권,골드,53.4,571.0,607000.0,770000.0,21,0.625,미사용,0,0,유지
CUST000567,2021-11-06,40.0,남성,수도권,플래티넘,55.7,651.0,197000.0,174000.0,13,0.569,미사용,1,1,유지
CUST000568,2021-12-29,35.0,여성,충청,일반,54.0,653.0,363000.0,468000.0,15,1.0,미사용,0,3,유지
CUST000569,2019-08-16,19.0,여성,호남,플래티넘,82.5,606.0,348000.0,433000.0,14,0.422,미사용,1,2,유지
CUST000570,2023-05-28,40.0,여성,제주,골드,37.1,724.0,475000.0,399000.0,14,0.218,미사용,0,4,유지
CUST000571,2023-01-06,51.0,남성,영남,플래티넘,41.8,785.0,568000.0,474000.0,10,0.507,사용,0,0,유지
CUST000572,2019-03-15,50.0,남성,수도권,일반,87.5,687.0,219000.0,292000.0,13,0.004,사용,0,0,유지
CUST000573,2021-02-14,45.0,여성,영남,골드,64.5,699.0,1308000.0,1925000.0,16,0.44,미사용,0,0,유지
CUST000574,2024-04-20,33.0,여성,영남,골드,26.3,790.0,182000.0,206000.0,17,0.672,사용,0,1,유지
CUST000575,2018-04-29,43.0,여성,수도권,골드,98.0,556.0,728000.0,451000.0,8,0.96,사용,0,0,유지
CUST000576,2023-03-19,22.0,여성,수도권,일반,39.4,573.0,306000.0,182000.0,20,0.335,미사용,1,2,해지
CUST000577,2018-03-10,57.0,여성,영남,골드,99.7,811.0,696000.0,718000.0,16,0.519,미사용,0,0,유지
CUST000578,2018-03-07,35.0,남성,수도권,플래티넘,99.8,676.0,519000.0,323000.0,9,0.432,미사용,0,1,해지
CUST000579,2019-04-09,26.0,여성,수도권,일반,86.7,527.0,517000.0,797000.0,13,0.396,미사용,0,1,유지
CUST000580,2020-11-21,42.0,남성,수도권,일반,67.2,827.0,454000.0,324000.0,11,0.892,사용,0,1,해지
CUST000581,2018-03-31,54.0,여성,수도권,골드,99.0,660.0,508000.0,535000.0,16,,미사용,0,1,유지
CUST000582,2018-09-04,44.0,남성,강원,골드,93.8,871.0,585000.0,739000.0,11,0.169,미사용,0,0,유지
CUST000583,2024-02-27,60.0,여성,수도권,블랙,28.1,,150000.0,159000.0,16,0.537,미사용,0,0,유지
CUST000584,2022-03-13,22.0,여성,충청,블랙,51.6,,566000.0,358000.0,14,0.377,미사용,0,2,유지
CUST000585,2021-07-13,44.0,여성,수도권,일반,59.6,591.0,253000.0,195000.0,12,0.451,미사용,0,0,해지
CUST000586,2020-07-20,41.0,남성,호남,일반,71.3,615.0,692000.0,728000.0,16,0.816,미사용,0,0,유지
CUST000587,2018-10-17,36.0,여성,충청,골드,92.4,562.0,612000.0,604000.0,12,0.485,미사용,0,4,유지
CUST000588,2025-08-04,26.0,여성,충청,플래티넘,10.8,698.0,196000.0,163000.0,12,0.496,미사용,1,0,유지
CUST000589,2019-11-27,42.0,여성,충청,골드,79.1,756.0,347000.0,431000.0,12,0.474,미사용,1,0,유지
CUST000590,2025-07-03,35.0,여성,영남,일반,11.9,759.0,573000.0,350000.0,15,0.229,미사용,0,1,유지
CUST000591,2021-09-17,44.0,남성,강원,일반,57.4,681.0,415000.0,370000.0,18,0.538,미사용,0,0,유지
CUST000592,2021-02-09,57.0,여성,수도권,골드,64.6,648.0,324000.0,298000.0,9,0.68,미사용,0,0,유지
CUST000593,2019-07-29,35.0,남성,영남,플래티넘,83.0,766.0,226000.0,208000.0,15,0.479,미사용,1,1,유지
CUST000594,2018-04-02,51.0,여성,수도권,일반,98.9,807.0,988000.0,1112000.0,12,0.734,미사용,1,0,유지
CUST000595,2018-03-24,42.0,남성,충청,일반,99.2,775.0,392000.0,611000.0,14,0.888,사용,1,1,유지
CUST000596,2022-04-24,60.0,여성,충청,골드,50.2,794.0,129000.0,145000.0,12,0.86,미사용,0,0,유지
CUST000597,2021-05-11,26.0,남성,수도권,골드,61.6,719.0,490000.0,301000.0,12,,미사용,2,0,유지
CUST000598,2022-08-27,31.0,여성,강원,일반,46.1,795.0,652000.0,539000.0,11,0.258,미사용,1,3,유지
CUST000599,2024-09-06,43.0,남성,호남,골드,21.7,685.0,353000.0,358000.0,16,0.674,미사용,1,1,해지
CUST000600,2024-05-07,41.0,여성,영남,일반,25.8,693.0,940000.0,718000.0,20,0.646,미사용,0,0,유지
CUST000601,2022-01-04,37.0,남성,수도권,골드,53.8,657.0,322000.0,196000.0,16,0.717,미사용,1,1,해지
CUST000602,2019-05-27,50.0,남성,영남,골드,85.1,454.0,371000.0,310000.0,12,0.393,미사용,2,0,해지
CUST000603,2025-06-12,55.0,여성,수도권,골드,12.6,684.0,632000.0,672000.0,17,0.452,사용,0,0,유지
CUST000604,2022-12-18,26.0,남성,영남,골드,42.4,615.0,463000.0,488000.0,15,0.746,미사용,1,0,유지
CUST000605,2019-02-10,41.0,여성,호남,골드,88.6,517.0,453000.0,495000.0,10,0.269,사용,0,1,유지
CUST000606,2022-04-04,37.0,여성,수도권,일반,50.9,767.0,667000.0,627000.0,10,0.617,미사용,1,0,유지
CUST000607,2018-03-28,36.0,남성,수도권,플래티넘,99.1,,714000.0,724000.0,8,0.54,미사용,0,1,유지
CUST000608,2024-01-20,49.0,남성,호남,일반,29.3,812.0,391000.0,504000.0,15,0.501,사용,1,0,유지
CUST000609,2019-02-08,55.0,여성,수도권,골드,88.7,901.0,583000.0,687000.0,16,0.357,미사용,1,2,유지
CUST000610,2024-05-07,63.0,여성,수도권,플래티넘,25.8,,342000.0,492000.0,14,0.59,미사용,0,0,유지
CUST000611,2019-04-02,47.0,여성,충청,골드,86.9,673.0,132000.0,113000.0,19,0.716,사용,1,2,해지
CUST000612,2019-06-06,43.0,남성,호남,골드,84.8,732.0,729000.0,740000.0,13,0.5,미사용,0,1,유지
CUST000613,2023-10-26,54.0,여성,수도권,플래티넘,32.1,797.0,632000.0,717000.0,14,0.433,미사용,0,1,유지
CUST000614,2021-02-14,35.0,남성,강원,일반,64.5,814.0,239000.0,217000.0,18,0.522,사용,0,1,유지
CUST000615,2022-04-23,62.0,여성,수도권,일반,50.2,623.0,503000.0,264000.0,14,0.7,미사용,0,1,해지
CUST000616,2023-11-06,32.0,여성,수도권,일반,31.8,848.0,650000.0,313000.0,10,0.146,사용,0,1,유지
CUST000617,2020-08-18,30.0,남성,수도권,골드,70.4,684.0,759000.0,307000.0,21,0.037,미사용,0,0,유지
CUST000618,2022-12-04,46.0,여성,수도권,블랙,42.8,694.0,532000.0,385000.0,20,0.465,미사용,0,0,유지
CUST000619,2020-02-18,43.0,여성,영남,골드,76.3,734.0,873000.0,1160000.0,16,0.319,사용,1,0,유지
CUST000620,2021-07-12,49.0,남성,영남,일반,59.6,656.0,634000.0,736000.0,16,0.213,미사용,0,0,유지
CUST000621,2021-09-14,30.0,남성,수도권,골드,57.5,570.0,593000.0,870000.0,16,0.103,미사용,0,3,유지
CUST000622,2023-12-30,36.0,여성,충청,일반,30.0,701.0,472000.0,444000.0,9,0.208,미사용,0,1,해지
CUST000623,2022-09-09,39.0,남성,충청,골드,45.7,604.0,415000.0,389000.0,18,0.392,미사용,0,1,유지
CUST000624,2023-11-14,48.0,여성,수도권,플래티넘,31.5,715.0,288000.0,322000.0,14,0.109,미사용,0,1,유지
CUST000625,2024-10-16,30.0,남성,수도권,일반,20.4,819.0,441000.0,481000.0,11,0.282,미사용,2,0,유지
CUST000626,2019-05-14,46.0,남성,수도권,일반,85.5,694.0,891000.0,632000.0,14,0.782,사용,0,1,유지
CUST000627,2023-07-08,50.0,여성,영남,플래티넘,35.7,758.0,130000.0,109000.0,15,0.54,미사용,0,1,유지
CUST000628,2020-09-24,33.0,남성,강원,골드,69.2,655.0,904000.0,931000.0,14,0.448,미사용,0,0,유지
CUST000629,2021-03-27,42.0,남성,수도권,플래티넘,63.1,654.0,275000.0,258000.0,14,0.599,미사용,0,1,유지
CUST000630,2025-06-17,48.0,남성,수도권,플래티넘,12.4,657.0,985000.0,1237000.0,15,0.601,미사용,1,0,유지
CUST000631,2021-07-07,36.0,여성,수도권,블랙,59.8,541.0,277000.0,290000.0,12,0.398,미사용,0,0,유지
CUST000632,2024-02-16,32.0,남성,수도권,일반,28.4,728.0,446000.0,525000.0,11,0.464,사용,0,1,유지
CUST000633,2025-07-04,24.0,남성,강원,플래티넘,11.9,568.0,345000.0,186000.0,11,0.284,미사용,1,1,유지
CUST000634,2020-10-29,19.0,남성,제주,골드,68.0,572.0,476000.0,692000.0,10,0.347,미사용,0,0,유지
CUST000635,2021-04-27,64.0,남성,충청,플래티넘,62.1,655.0,686000.0,517000.0,13,0.684,미사용,0,1,유지
CUST000636,2024-04-10,58.0,여성,수도권,플래티넘,26.6,691.0,191000.0,147000.0,11,0.445,미사용,0,1,유지
CUST000637,2023-06-22,32.0,여성,충청,블랙,36.3,671.0,442000.0,414000.0,12,0.407,미사용,0,0,유지
CUST000638,2022-01-19,39.0,남성,강원,골드,53.3,598.0,534000.0,574000.0,16,0.577,미사용,1,0,해지
CUST000639,2022-05-25,47.0,남성,강원,일반,49.2,777.0,470000.0,562000.0,15,0.443,미사용,0,1,유지
CUST000640,2024-03-28,32.0,남성,영남,플래티넘,27.1,718.0,800000.0,437000.0,13,0.741,사용,1,1,유지
CUST000641,2020-06-26,57.0,남성,수도권,골드,72.1,561.0,1474000.0,1489000.0,8,0.531,사용,0,1,유지
CUST000642,2021-01-15,49.0,남성,영남,골드,65.4,576.0,483000.0,502000.0,13,0.343,미사용,3,0,해지
CUST000643,2025-08-02,48.0,남성,강원,블랙,10.9,656.0,465000.0,520000.0,12,0.309,미사용,0,1,유지
CUST000644,2021-07-15,28.0,남성,수도권,플래티넘,59.5,721.0,695000.0,558000.0,16,0.387,미사용,0,1,유지
CUST000645,2025-03-04,64.0,여성,충청,골드,15.9,734.0,236000.0,186000.0,17,0.085,미사용,1,0,유지
CUST000646,2022-11-16,39.0,여성,영남,골드,43.4,679.0,1321000.0,493000.0,10,0.785,사용,1,0,유지
CUST000647,2018-04-17,53.0,여성,수도권,일반,98.4,718.0,467000.0,415000.0,17,0.221,사용,0,1,유지
CUST000648,2024-12-14,38.0,여성,호남,일반,18.5,783.0,125000.0,108000.0,13,0.096,미사용,0,0,해지
CUST000649,2022-05-13,40.0,남성,충청,플래티넘,49.6,749.0,302000.0,377000.0,16,0.728,미사용,1,0,유지
CUST000650,2020-11-22,30.0,여성,강원,일반,67.2,576.0,551000.0,581000.0,11,0.582,미사용,0,0,유지
CUST000651,2019-09-19,43.0,남성,호남,일반,81.3,553.0,955000.0,1086000.0,14,0.67,미사용,0,2,유지
CUST000652,2019-01-19,35.0,남성,수도권,일반,89.3,627.0,316000.0,329000.0,14,0.467,미사용,0,1,유지
CUST000653,2025-01-30,54.0,여성,영남,골드,17.0,572.0,488000.0,387000.0,13,0.278,미사용,0,0,해지
CUST000654,2024-11-28,44.0,여성,충청,일반,19.0,737.0,617000.0,627000.0,11,0.87,미사용,0,0,유지
CUST000655,2022-05-12,48.0,남성,제주,골드,49.6,736.0,192000.0,172000.0,8,0.71,미사용,0,0,유지
CUST000656,2019-09-11,48.0,남성,호남,플래티넘,81.6,811.0,480000.0,519000.0,16,0.526,미사용,0,0,유지
CUST000657,2019-05-14,39.0,여성,수도권,플래티넘,85.5,522.0,599000.0,704000.0,15,0.104,미사용,0,2,유지
CUST000658,2021-07-30,46.0,여성,충청,일반,59.0,728.0,293000.0,347000.0,14,0.534,사용,1,1,해지
CUST000659,2018-11-14,49.0,남성,충청,골드,91.5,562.0,467000.0,369000.0,10,0.068,미사용,1,0,유지
CUST000660,2019-02-16,53.0,남성,호남,골드,88.4,806.0,625000.0,694000.0,18,0.378,미사용,0,1,유지
CUST000661,2023-10-16,40.0,남성,호남,일반,32.5,633.0,1136000.0,856000.0,23,0.22,미사용,0,2,유지
CUST000662,2019-05-25,38.0,여성,충청,일반,85.2,807.0,228000.0,273000.0,13,0.503,미사용,0,3,유지
CUST000663,2021-11-02,48.0,여성,호남,골드,55.9,689.0,159000.0,154000.0,12,0.496,미사용,1,0,유지
CUST000664,2021-06-11,41.0,남성,제주,일반,60.6,660.0,340000.0,298000.0,11,0.387,미사용,0,5,해지
CUST000665,2019-11-18,49.0,남성,영남,일반,79.4,616.0,1048000.0,890000.0,15,0.584,사용,0,0,해지
CUST000666,2025-01-24,30.0,여성,강원,일반,17.1,617.0,740000.0,1011000.0,17,0.604,미사용,1,2,유지
CUST000667,2023-07-28,19.0,여성,호남,일반,35.1,736.0,519000.0,740000.0,8,0.397,미사용,0,0,유지
CUST000668,2018-01-12,38.0,여성,영남,골드,101.5,621.0,950000.0,727000.0,13,0.408,미사용,0,0,유지
CUST000669,2025-07-17,19.0,남성,강원,골드,11.4,905.0,118000.0,89000.0,10,0.435,미사용,0,1,해지
CUST000670,2018-05-31,55.0,남성,수도권,일반,97.0,545.0,637000.0,777000.0,18,0.786,미사용,0,1,유지
CUST000671,2024-11-29,51.0,여성,수도권,일반,19.0,615.0,249000.0,413000.0,16,0.513,미사용,0,1,유지
CUST000672,2018-08-24,34.0,남성,수도권,일반,94.2,698.0,601000.0,680000.0,22,0.458,미사용,0,0,유지
CUST000673,2019-06-06,41.0,여성,수도권,일반,84.8,720.0,1433000.0,1346000.0,9,0.353,미사용,1,1,유지
CUST000674,2023-08-16,25.0,남성,충청,골드,34.5,766.0,1160000.0,848000.0,15,0.282,미사용,0,1,유지
CUST000675,2018-09-13,44.0,여성,충청,플래티넘,93.5,646.0,263000.0,175000.0,15,0.723,미사용,0,2,유지
CUST000676,2022-11-15,53.0,남성,충청,일반,43.5,720.0,412000.0,390000.0,17,0.647,미사용,1,1,해지
CUST000677,2018-11-03,53.0,여성,수도권,일반,91.9,,464000.0,391000.0,16,0.174,미사용,0,0,해지
CUST000678,2021-03-14,51.0,여성,수도권,일반,63.5,561.0,125000.0,144000.0,14,0.274,미사용,0,0,해지
CUST000679,2021-04-08,36.0,여성,강원,골드,62.7,628.0,606000.0,304000.0,17,0.44,미사용,2,1,해지
CUST000680,2022-01-19,32.0,남성,강원,플래티넘,53.3,616.0,505000.0,619000.0,18,0.274,미사용,0,0,해지
CUST000681,2023-08-30,47.0,여성,수도권,일반,34.0,714.0,576000.0,722000.0,11,0.74,미사용,0,0,유지
CUST000682,2018-05-07,52.0,남성,수도권,플래티넘,97.8,,527000.0,623000.0,7,0.44,미사용,0,1,유지
CUST000683,2023-02-09,19.0,여성,수도권,일반,40.6,565.0,411000.0,202000.0,18,0.658,미사용,0,1,해지
CUST000684,2023-05-06,37.0,여성,호남,일반,37.8,627.0,393000.0,375000.0,14,0.475,미사용,0,2,유지
CUST000685,2025-04-22,29.0,남성,수도권,일반,14.3,,576000.0,624000.0,19,0.118,사용,0,2,유지
CUST000686,2018-08-26,45.0,여성,영남,플래티넘,94.1,779.0,120000.0,107000.0,18,0.403,사용,0,1,유지
CUST000687,2020-04-06,38.0,남성,충청,일반,74.8,441.0,322000.0,229000.0,14,0.869,미사용,1,1,해지
CUST000688,2021-12-27,55.0,남성,수도권,일반,54.1,635.0,534000.0,560000.0,14,0.513,사용,0,0,유지
CUST000689,2020-07-27,49.0,남성,영남,일반,71.1,635.0,448000.0,428000.0,25,0.323,미사용,0,1,해지
CUST000690,2022-04-19,61.0,여성,수도권,일반,50.4,553.0,355000.0,117000.0,10,0.364,미사용,1,2,해지
CUST000691,2022-02-23,47.0,여성,제주,일반,52.2,806.0,682000.0,635000.0,17,0.525,미사용,0,0,유지
CUST000692,2018-06-19,35.0,남성,호남,골드,96.4,870.0,306000.0,234000.0,9,0.423,미사용,1,0,유지
CUST000693,2025-08-01,45.0,여성,충청,골드,10.9,643.0,740000.0,622000.0,17,0.709,미사용,0,1,해지
CUST000694,2020-11-20,50.0,여성,수도권,골드,67.3,781.0,362000.0,299000.0,13,0.128,미사용,1,1,유지
CUST000695,2020-07-17,35.0,남성,영남,골드,71.4,608.0,322000.0,321000.0,12,0.325,미사용,0,1,유지
CUST000696,2019-12-19,25.0,여성,충청,일반,78.4,619.0,401000.0,422000.0,9,0.365,미사용,1,0,유지
CUST000697,2018-11-26,55.0,남성,수도권,플래티넘,91.1,739.0,344000.0,140000.0,16,0.022,사용,0,2,해지
CUST000698,2023-04-23,26.0,남성,수도권,일반,38.2,631.0,518000.0,331000.0,7,0.642,사용,0,0,유지
CUST000699,2024-04-13,38.0,여성,영남,골드,26.5,529.0,132000.0,120000.0,10,0.574,미사용,0,1,유지
CUST000700,2018-03-06,19.0,남성,호남,일반,99.8,620.0,1196000.0,1320000.0,10,0.31,미사용,0,0,유지
CUST000701,2025-06-03,41.0,여성,수도권,골드,12.9,699.0,362000.0,336000.0,10,0.478,미사용,1,0,유지
CUST000702,2019-01-14,33.0,여성,수도권,일반,89.5,772.0,822000.0,1035000.0,8,0.791,미사용,0,3,유지
CUST000703,2025-08-29,37.0,남성,수도권,일반,10.0,625.0,470000.0,248000.0,15,0.429,미사용,0,0,해지
CUST000704,2025-05-07,52.0,여성,영남,일반,13.8,753.0,356000.0,479000.0,17,0.676,사용,0,1,유지
CUST000705,2022-12-15,46.0,남성,충청,플래티넘,42.5,557.0,762000.0,685000.0,8,0.703,미사용,0,4,유지
CUST000706,2021-07-16,54.0,남성,수도권,일반,59.5,643.0,706000.0,586000.0,13,,미사용,0,0,유지
CUST000707,2023-06-15,34.0,남성,영남,골드,36.5,798.0,435000.0,352000.0,11,0.282,사용,0,0,유지
CUST000708,2021-02-15,66.0,여성,수도권,일반,64.4,778.0,432000.0,227000.0,17,0.526,미사용,0,1,유지
CUST000709,2021-04-22,26.0,여성,수도권,골드,62.3,752.0,309000.0,335000.0,17,0.209,미사용,0,1,유지
CUST000710,2018-04-02,34.0,남성,영남,골드,98.9,526.0,211000.0,155000.0,24,0.419,사용,1,0,유지
CUST000711,2020-05-22,48.0,여성,수도권,골드,73.3,615.0,373000.0,298000.0,15,0.715,미사용,0,1,유지
CUST000712,2023-06-27,28.0,여성,강원,골드,36.1,742.0,839000.0,999000.0,15,0.28,미사용,0,1,유지
CUST000713,2020-05-16,19.0,여성,수도권,일반,73.5,711.0,139000.0,121000.0,13,0.19,미사용,1,1,유지
CUST000714,2018-01-26,21.0,남성,충청,일반,101.1,820.0,253000.0,199000.0,17,0.434,미사용,0,1,유지
CUST000715,2021-08-03,34.0,여성,수도권,일반,58.9,630.0,593000.0,585000.0,9,0.359,미사용,0,1,유지
CUST000716,2018-12-10,50.0,남성,충청,골드,90.6,620.0,267000.0,319000.0,18,0.325,미사용,1,1,유지
CUST000717,2019-12-13,54.0,여성,수도권,블랙,78.5,665.0,427000.0,395000.0,19,0.671,사용,0,1,유지
CUST000718,2022-12-17,44.0,여성,호남,골드,42.4,753.0,359000.0,366000.0,19,0.168,미사용,1,2,유지
CUST000719,2019-06-29,55.0,남성,수도권,일반,84.0,641.0,481000.0,528000.0,9,0.701,미사용,0,1,유지
CUST000720,2023-05-27,40.0,남성,강원,일반,37.1,808.0,294000.0,427000.0,18,0.05,미사용,1,2,유지
CUST000721,2020-10-19,42.0,남성,영남,플래티넘,68.3,500.0,822000.0,699000.0,12,0.624,미사용,0,0,유지
CUST000722,2021-01-13,52.0,남성,충청,일반,65.5,696.0,1000000.0,673000.0,6,0.489,미사용,0,1,유지
CUST000723,2024-12-20,47.0,여성,수도권,일반,18.3,693.0,121000.0,96000.0,8,0.429,사용,1,0,유지
CUST000724,2022-02-21,61.0,남성,수도권,골드,52.2,665.0,360000.0,314000.0,13,0.206,미사용,1,2,유지
CUST000725,2018-05-24,56.0,여성,영남,일반,97.2,621.0,608000.0,620000.0,12,0.749,미사용,0,1,유지
CUST000726,2023-08-08,,여성,충청,플래티넘,34.7,680.0,338000.0,390000.0,15,0.096,미사용,0,1,유지
CUST000727,2021-03-18,50.0,여성,수도권,일반,63.4,740.0,277000.0,326000.0,13,0.486,사용,0,0,유지
CUST000728,2022-10-11,55.0,남성,영남,일반,44.6,594.0,237000.0,279000.0,15,0.48,미사용,1,1,유지
CUST000729,2022-09-06,33.0,남성,호남,플래티넘,45.8,579.0,203000.0,255000.0,16,,미사용,0,1,유지
CUST000730,2021-02-08,44.0,남성,충청,일반,64.7,,469000.0,583000.0,17,0.701,미사용,2,1,유지
CUST000731,2020-07-04,39.0,여성,제주,일반,71.8,587.0,277000.0,256000.0,18,0.262,사용,1,0,유지
CUST000732,2018-01-04,31.0,남성,수도권,골드,101.8,661.0,361000.0,286000.0,18,0.876,사용,0,1,유지
CUST000733,2025-01-06,45.0,남성,수도권,플래티넘,17.7,582.0,492000.0,275000.0,12,0.313,미사용,0,0,유지
CUST000734,2025-03-30,35.0,남성,호남,골드,15.0,867.0,228000.0,250000.0,9,0.194,미사용,1,1,유지
CUST000735,2018-06-06,28.0,여성,호남,블랙,96.8,685.0,267000.0,424000.0,18,0.064,미사용,1,2,유지
CUST000736,2018-02-06,41.0,남성,수도권,일반,100.7,769.0,299000.0,352000.0,14,0.535,미사용,1,1,유지
CUST000737,2023-05-18,50.0,여성,충청,골드,37.4,663.0,548000.0,428000.0,16,0.197,미사용,0,0,해지
CUST000738,2024-11-23,71.0,여성,수도권,일반,19.2,734.0,229000.0,288000.0,15,0.592,미사용,0,0,유지
CUST000739,2019-06-02,53.0,여성,수도권,일반,84.9,,343000.0,282000.0,23,0.605,미사용,0,1,유지
CUST000740,2021-01-09,50.0,여성,강원,골드,65.6,612.0,414000.0,547000.0,16,,미사용,0,1,유지
CUST000741,2024-09-21,39.0,여성,영남,플래티넘,21.3,650.0,612000.0,725000.0,13,0.37,미사용,3,0,유지
CUST000742,2025-06-27,61.0,남성,수도권,블랙,12.1,706.0,307000.0,280000.0,12,0.546,미사용,0,0,유지
CUST000743,2024-03-16,48.0,남성,수도권,일반,27.5,772.0,585000.0,206000.0,15,0.565,미사용,1,0,해지
CUST000744,2024-03-03,26.0,여성,영남,일반,27.9,651.0,360000.0,362000.0,8,0.485,사용,1,2,유지
CUST000745,2021-08-23,43.0,남성,충청,블랙,58.2,727.0,497000.0,376000.0,15,0.214,미사용,1,0,유지
CUST000746,2018-12-06,43.0,여성,수도권,골드,90.8,638.0,698000.0,415000.0,8,0.929,미사용,0,1,해지
CUST000747,2025-05-07,50.0,남성,충청,골드,13.8,748.0,287000.0,202000.0,11,0.377,미사용,1,0,유지
CUST000748,2022-08-21,19.0,여성,수도권,골드,46.3,798.0,252000.0,227000.0,18,0.519,미사용,0,1,유지
CUST000749,2024-10-29,56.0,남성,영남,골드,20.0,775.0,397000.0,495000.0,11,0.738,미사용,0,1,유지
CUST000750,2025-08-23,62.0,여성,수도권,일반,10.2,522.0,160000.0,103000.0,13,0.335,미사용,1,0,해지
CUST000751,2024-02-21,36.0,남성,충청,골드,28.3,681.0,212000.0,236000.0,13,,미사용,0,0,유지
CUST000752,2019-02-20,51.0,남성,제주,일반,88.3,492.0,479000.0,242000.0,13,0.331,미사용,0,1,유지
CUST000753,2019-08-20,32.0,여성,호남,플래티넘,82.3,627.0,270000.0,234000.0,11,0.497,미사용,0,0,유지
CUST000754,2023-07-12,60.0,남성,호남,플래티넘,35.6,824.0,415000.0,513000.0,19,0.585,미사용,0,0,유지
CUST000755,2023-06-09,37.0,여성,수도권,일반,36.7,672.0,271000.0,345000.0,20,0.492,미사용,0,1,해지
CUST000756,2018-11-10,58.0,여성,호남,플래티넘,91.6,503.0,1044000.0,1278000.0,20,0.671,미사용,0,1,유지
CUST000757,2020-07-28,48.0,남성,충청,일반,71.1,562.0,247000.0,182000.0,15,0.558,미사용,0,1,유지
CUST000758,2019-12-26,26.0,남성,수도권,일반,78.1,612.0,366000.0,500000.0,14,0.12,미사용,0,0,유지
CUST000759,2021-02-15,49.0,여성,영남,골드,64.4,737.0,542000.0,458000.0,18,0.071,미사용,1,1,유지
CUST000760,2025-07-09,44.0,남성,수도권,일반,11.7,550.0,586000.0,722000.0,9,0.611,미사용,0,1,유지
CUST000761,2023-01-28,23.0,남성,수도권,골드,41.0,619.0,932000.0,878000.0,19,0.292,미사용,0,2,유지
CUST000762,2021-10-25,42.0,남성,수도권,골드,56.1,553.0,857000.0,979000.0,15,0.09,미사용,1,0,유지
CUST000763,2020-10-29,25.0,남성,충청,일반,68.0,745.0,1872000.0,1259000.0,13,0.902,미사용,0,1,유지
CUST000764,2019-01-03,32.0,남성,수도권,블랙,89.8,803.0,253000.0,287000.0,11,0.814,미사용,1,2,유지
CUST000765,2018-04-09,38.0,여성,호남,플래티넘,98.7,580.0,249000.0,210000.0,17,0.613,미사용,2,0,유지
CUST000766,2021-12-26,44.0,여성,수도권,일반,54.1,615.0,454000.0,409000.0,12,0.079,사용,0,1,해지
CUST000767,2018-03-05,53.0,남성,호남,플래티넘,99.8,606.0,584000.0,511000.0,12,0.2,미사용,1,1,해지
CUST000768,2021-05-23,49.0,여성,호남,골드,61.2,504.0,907000.0,1132000.0,13,0.348,미사용,1,0,유지
CUST000769,2020-04-24,47.0,여성,제주,플래티넘,74.2,615.0,743000.0,772000.0,13,0.232,미사용,0,3,유지
CUST000770,2018-11-17,39.0,여성,충청,일반,91.4,445.0,152000.0,159000.0,13,0.252,미사용,0,0,유지
CUST000771,2020-07-07,45.0,남성,충청,일반,71.7,950.0,319000.0,238000.0,13,0.389,미사용,1,2,유지
CUST000772,2021-11-30,60.0,남성,수도권,플래티넘,55.0,689.0,319000.0,383000.0,17,0.586,사용,0,2,유지
CUST000773,2023-08-01,32.0,남성,호남,골드,35.0,556.0,345000.0,446000.0,17,0.608,사용,0,1,유지
CUST000774,2018-01-28,68.0,여성,수도권,골드,101.0,671.0,730000.0,753000.0,16,0.819,미사용,1,1,유지
CUST000775,2022-02-11,35.0,여성,제주,골드,52.6,562.0,808000.0,1042000.0,12,0.508,미사용,0,0,유지
CUST000776,2021-11-24,50.0,여성,충청,일반,55.2,,512000.0,428000.0,13,0.668,사용,0,0,유지
CUST000777,2021-08-04,26.0,남성,호남,골드,58.8,728.0,447000.0,420000.0,12,0.351,미사용,0,0,유지
CUST000778,2025-05-09,42.0,여성,영남,일반,13.7,833.0,652000.0,435000.0,14,0.418,미사용,0,0,유지
CUST000779,2020-08-30,61.0,여성,수도권,골드,70.0,702.0,612000.0,459000.0,22,0.533,사용,0,1,해지
CUST000780,2018-07-11,36.0,여성,수도권,일반,95.6,660.0,490000.0,313000.0,10,0.225,미사용,0,0,유지
CUST000781,2020-06-21,53.0,남성,수도권,플래티넘,72.3,694.0,617000.0,596000.0,17,0.711,사용,0,2,유지
CUST000782,2024-09-07,44.0,여성,충청,골드,21.7,670.0,383000.0,205000.0,11,0.415,미사용,0,0,해지
CUST000783,2024-05-23,61.0,여성,호남,골드,25.2,798.0,540000.0,397000.0,14,0.56,미사용,0,0,유지
CUST000784,2024-02-07,53.0,여성,수도권,일반,28.7,716.0,495000.0,440000.0,9,0.664,미사용,1,2,유지
CUST000785,2020-11-05,30.0,여성,영남,골드,67.8,644.0,952000.0,1079000.0,11,0.596,미사용,1,1,유지
CUST000786,2019-01-28,42.0,남성,호남,골드,89.0,783.0,218000.0,142000.0,21,0.26,미사용,0,0,유지
CUST000787,2022-04-06,59.0,여성,수도권,일반,50.8,792.0,360000.0,278000.0,12,,미사용,0,0,유지
CUST000788,2021-06-22,43.0,남성,영남,골드,60.2,757.0,244000.0,235000.0,20,0.621,미사용,0,1,유지
CUST000789,2025-08-07,34.0,남성,제주,골드,10.7,813.0,724000.0,864000.0,15,0.364,사용,2,1,유지
CUST000790,2023-10-02,50.0,여성,호남,일반,32.9,558.0,571000.0,622000.0,21,0.438,사용,0,3,해지
CUST000791,2021-02-14,35.0,여성,강원,플래티넘,64.5,516.0,267000.0,227000.0,12,0.997,미사용,0,1,유지
CUST000792,2019-10-27,36.0,남성,영남,플래티넘,80.1,576.0,825000.0,974000.0,19,0.655,사용,0,0,유지
CUST000793,2020-09-29,39.0,남성,제주,일반,69.0,598.0,253000.0,120000.0,13,0.491,미사용,0,2,해지
CUST000794,2019-03-03,34.0,남성,영남,일반,87.9,687.0,1473000.0,1562000.0,14,0.556,미사용,1,0,유지
CUST000795,2020-05-05,34.0,남성,충청,일반,73.8,736.0,283000.0,349000.0,14,0.371,미사용,0,0,유지
CUST000796,2019-06-07,30.0,여성,호남,골드,84.8,738.0,672000.0,500000.0,15,0.658,미사용,0,0,유지
CUST000797,2022-02-28,21.0,여성,수도권,플래티넘,52.0,659.0,448000.0,563000.0,12,0.025,미사용,0,0,유지
CUST000798,2018-08-26,44.0,남성,호남,일반,94.1,814.0,502000.0,239000.0,14,0.264,미사용,1,1,유지
CUST000799,2024-12-07,26.0,여성,호남,일반,18.7,657.0,1561000.0,1516000.0,16,0.537,미사용,0,3,유지
CUST000800,2023-04-15,35.0,남성,충청,일반,38.5,732.0,317000.0,392000.0,10,0.501,미사용,0,0,유지
CUST000801,2021-08-11,33.0,여성,수도권,골드,58.6,685.0,693000.0,589000.0,18,0.518,미사용,1,0,해지
CUST000802,2021-11-09,42.0,남성,충청,플래티넘,55.7,818.0,329000.0,172000.0,15,0.751,미사용,0,2,유지
CUST000803,2018-10-18,35.0,남성,수도권,일반,92.4,609.0,244000.0,267000.0,16,0.767,사용,0,0,유지
CUST000804,2024-03-15,26.0,여성,호남,골드,27.5,626.0,433000.0,379000.0,17,0.661,미사용,0,0,유지
CUST000805,2024-06-01,56.0,남성,수도권,일반,24.9,,577000.0,578000.0,15,0.579,사용,0,1,유지
CUST000806,2024-01-11,33.0,여성,충청,골드,29.6,741.0,383000.0,276000.0,13,0.412,사용,1,1,해지
CUST000807,2022-08-04,56.0,여성,수도권,플래티넘,46.8,806.0,253000.0,274000.0,13,0.406,미사용,0,2,유지
CUST000808,2020-04-11,43.0,여성,수도권,블랙,74.6,768.0,165000.0,194000.0,13,0.025,미사용,0,0,유지
CUST000809,2023-08-24,34.0,여성,수도권,일반,34.2,512.0,168000.0,186000.0,14,0.689,사용,1,2,유지
CUST000810,2018-03-31,49.0,남성,수도권,일반,99.0,658.0,623000.0,513000.0,8,0.718,사용,1,1,해지
CUST000811,2020-03-22,46.0,남성,충청,골드,75.3,661.0,298000.0,334000.0,11,0.829,미사용,0,0,유지
CUST000812,2024-12-31,35.0,여성,영남,일반,17.9,,255000.0,248000.0,14,0.349,사용,0,3,해지
CUST000813,2025-08-23,41.0,남성,호남,플래티넘,10.2,811.0,563000.0,477000.0,14,0.492,사용,1,0,유지
CUST000814,2023-06-26,56.0,여성,수도권,일반,36.1,753.0,406000.0,424000.0,17,0.393,사용,0,1,유지
CUST000815,2025-05-23,26.0,여성,충청,골드,13.2,666.0,408000.0,367000.0,12,0.486,사용,0,0,유지
CUST000816,2023-01-17,37.0,남성,수도권,일반,41.4,648.0,754000.0,843000.0,13,0.648,미사용,0,0,유지
CUST000817,2023-03-30,54.0,남성,수도권,골드,39.0,743.0,58000.0,50000.0,16,0.749,미사용,0,0,유지
CUST000818,2018-04-15,46.0,남성,수도권,플래티넘,98.5,752.0,250000.0,203000.0,12,0.31,사용,0,2,유지
CUST000819,2020-06-07,38.0,여성,수도권,플래티넘,72.7,730.0,600000.0,688000.0,12,0.485,미사용,0,0,유지
CUST000820,2020-07-04,54.0,여성,수도권,일반,71.8,744.0,683000.0,858000.0,11,0.267,미사용,0,1,유지
CUST000821,2024-10-01,34.0,여성,수도권,플래티넘,20.9,741.0,542000.0,298000.0,8,0.462,미사용,0,0,해지
CUST000822,2020-12-21,49.0,여성,수도권,골드,66.3,531.0,169000.0,212000.0,12,,미사용,0,0,유지
CUST000823,2025-03-18,30.0,남성,영남,플래티넘,15.4,744.0,232000.0,184000.0,17,0.239,미사용,1,1,유지
CUST000824,2021-09-16,36.0,남성,수도권,플래티넘,57.4,702.0,319000.0,390000.0,8,0.583,미사용,0,0,해지
CUST000825,2021-01-02,38.0,남성,수도권,일반,65.9,789.0,213000.0,224000.0,19,0.395,미사용,1,2,해지
CUST000826,2025-06-12,30.0,여성,수도권,일반,12.6,775.0,231000.0,286000.0,21,0.2,미사용,0,1,유지
CUST000827,2019-01-28,41.0,남성,제주,일반,89.0,694.0,396000.0,151000.0,15,0.647,사용,0,0,해지
CUST000828,2021-07-07,79.0,남성,호남,일반,59.8,692.0,207000.0,117000.0,18,0.469,미사용,0,1,해지
CUST000829,2023-01-16,55.0,여성,충청,골드,41.4,592.0,553000.0,604000.0,8,,미사용,0,0,유지
CUST000830,2018-05-02,35.0,여성,강원,일반,97.9,931.0,732000.0,619000.0,16,0.611,미사용,1,0,유지
CUST000831,2021-12-08,57.0,남성,호남,일반,54.7,736.0,720000.0,842000.0,8,0.662,미사용,1,1,유지
CUST000832,2023-11-14,48.0,남성,수도권,블랙,31.5,754.0,464000.0,486000.0,15,1.0,사용,0,1,유지
CUST000833,2022-04-09,52.0,여성,수도권,골드,50.7,810.0,638000.0,639000.0,19,0.491,미사용,0,1,유지
CUST000834,2019-01-21,45.0,여성,수도권,골드,89.3,810.0,507000.0,368000.0,15,0.69,미사용,0,1,유지
CUST000835,2025-03-25,43.0,여성,수도권,플래티넘,15.2,735.0,343000.0,344000.0,15,0.651,미사용,0,0,유지
CUST000836,2024-10-07,52.0,남성,수도권,골드,20.7,732.0,386000.0,239000.0,11,0.779,미사용,2,0,유지
CUST000837,2025-04-27,33.0,여성,수도권,블랙,14.1,744.0,734000.0,491000.0,15,0.431,미사용,1,0,유지
CUST000838,2021-03-09,48.0,남성,제주,골드,63.7,880.0,280000.0,228000.0,8,0.437,미사용,0,1,유지
CUST000839,2023-05-08,54.0,여성,호남,블랙,37.7,903.0,342000.0,275000.0,7,,미사용,0,1,유지
CUST000840,2018-12-13,36.0,남성,수도권,일반,90.5,801.0,1803000.0,1818000.0,24,0.035,미사용,1,1,유지
CUST000841,2020-06-24,44.0,남성,수도권,일반,72.2,685.0,317000.0,256000.0,14,0.575,미사용,1,1,해지
CUST000842,2023-01-25,51.0,여성,수도권,일반,41.1,669.0,314000.0,387000.0,9,0.766,사용,0,1,유지
CUST000843,2021-03-15,56.0,남성,영남,골드,63.5,748.0,587000.0,492000.0,25,0.0,미사용,0,1,유지
CUST000844,2024-04-30,39.0,남성,수도권,플래티넘,26.0,642.0,235000.0,105000.0,12,0.49,미사용,0,2,유지
CUST000845,2022-12-31,23.0,여성,수도권,골드,42.0,659.0,973000.0,1146000.0,10,0.415,미사용,1,3,유지
CUST000846,2018-12-02,52.0,여성,수도권,골드,90.9,686.0,509000.0,452000.0,12,0.767,미사용,2,4,유지
CUST000847,2024-12-18,43.0,여성,호남,골드,18.4,563.0,434000.0,427000.0,13,0.384,사용,0,2,유지
CUST000848,2020-03-10,55.0,여성,호남,골드,75.7,644.0,196000.0,243000.0,15,0.489,미사용,0,1,유지
CUST000849,2019-02-28,37.0,남성,영남,블랙,88.0,776.0,563000.0,448000.0,17,0.486,미사용,0,1,유지
CUST000850,2019-02-08,31.0,남성,수도권,블랙,88.7,,294000.0,189000.0,12,0.874,사용,0,0,유지
CUST000851,2021-09-13,42.0,남성,수도권,플래티넘,57.5,643.0,388000.0,388000.0,16,0.265,미사용,1,1,유지
CUST000852,2021-10-01,79.0,남성,호남,일반,56.9,746.0,528000.0,486000.0,11,0.437,미사용,0,1,유지
CUST000853,2024-07-22,45.0,여성,영남,일반,23.3,823.0,351000.0,272000.0,6,0.278,사용,0,3,유지
CUST000854,2021-10-18,63.0,남성,강원,일반,56.4,563.0,365000.0,323000.0,11,0.549,미사용,1,1,해지
CUST000855,2018-12-14,49.0,남성,영남,일반,90.5,827.0,1358000.0,1639000.0,16,0.61,미사용,0,1,유지
CUST000856,2020-04-07,19.0,여성,영남,플래티넘,74.7,644.0,351000.0,327000.0,14,0.793,미사용,0,1,유지
CUST000857,2018-02-13,52.0,여성,수도권,플래티넘,100.5,,395000.0,372000.0,11,0.598,미사용,1,1,유지
CUST000858,2024-03-07,38.0,남성,충청,골드,27.8,,272000.0,221000.0,12,0.486,미사용,0,1,유지
CUST000859,2023-07-18,54.0,남성,영남,골드,35.4,738.0,356000.0,457000.0,8,0.548,미사용,0,1,유지
CUST000860,2022-03-13,44.0,여성,수도권,일반,51.6,731.0,705000.0,569000.0,17,0.353,미사용,1,2,유지
CUST000861,2024-07-31,52.0,여성,충청,골드,23.0,688.0,818000.0,1188000.0,10,0.508,미사용,0,0,유지
CUST000862,2019-10-14,31.0,여성,호남,골드,80.5,774.0,773000.0,498000.0,19,0.465,미사용,0,0,해지
CUST000863,2023-06-08,47.0,남성,호남,일반,36.7,780.0,288000.0,349000.0,11,0.526,미사용,0,0,유지
CUST000864,2023-09-13,35.0,여성,수도권,골드,33.5,666.0,945000.0,856000.0,18,0.518,미사용,1,0,해지
CUST000865,2024-08-25,41.0,여성,영남,플래티넘,22.1,666.0,356000.0,315000.0,4,0.809,미사용,0,0,유지
CUST000866,2023-12-30,41.0,남성,호남,골드,30.0,629.0,232000.0,330000.0,12,0.61,사용,1,0,유지
CUST000867,2021-06-04,20.0,여성,영남,일반,60.8,692.0,397000.0,472000.0,12,0.955,미사용,0,0,유지
CUST000868,2020-10-23,20.0,남성,충청,블랙,68.2,762.0,250000.0,272000.0,12,0.383,미사용,0,1,해지
CUST000869,2025-06-13,24.0,여성,호남,일반,12.5,564.0,299000.0,318000.0,22,0.586,미사용,1,1,유지
CUST000870,2024-07-04,23.0,여성,영남,일반,23.9,819.0,326000.0,197000.0,16,0.676,미사용,1,3,유지
CUST000871,2025-07-27,24.0,남성,제주,일반,11.1,764.0,416000.0,312000.0,19,0.338,사용,1,1,해지
CUST000872,2023-11-26,45.0,여성,강원,일반,31.1,601.0,749000.0,656000.0,17,0.534,미사용,0,1,유지
CUST000873,2020-07-29,41.0,남성,충청,일반,71.0,659.0,442000.0,605000.0,14,0.769,미사용,1,1,유지
CUST000874,2022-11-02,19.0,여성,충청,골드,43.9,798.0,678000.0,614000.0,15,0.954,미사용,0,1,유지
CUST000875,2025-04-22,45.0,남성,영남,일반,14.3,737.0,428000.0,262000.0,8,0.0,미사용,0,0,해지
CUST000876,2023-02-08,65.0,남성,영남,골드,40.7,716.0,512000.0,189000.0,15,0.344,미사용,1,2,해지
CUST000877,2019-07-20,29.0,남성,수도권,골드,83.3,754.0,491000.0,415000.0,20,0.667,사용,0,0,유지
CUST000878,2019-10-14,55.0,여성,제주,블랙,80.5,748.0,162000.0,165000.0,10,0.526,미사용,0,1,유지
CUST000879,2024-05-18,55.0,여성,충청,골드,25.4,526.0,492000.0,418000.0,12,0.153,미사용,0,0,유지
CUST000880,2022-09-13,19.0,남성,수도권,골드,45.5,565.0,273000.0,234000.0,12,0.516,미사용,0,0,해지
CUST000881,2025-07-01,51.0,여성,충청,플래티넘,12.0,664.0,390000.0,208000.0,23,0.555,미사용,1,2,해지
CUST000882,2024-06-19,64.0,여성,호남,블랙,24.3,711.0,519000.0,506000.0,22,0.308,사용,0,0,유지
CUST000883,2020-11-01,44.0,남성,수도권,플래티넘,67.9,707.0,716000.0,745000.0,16,0.312,미사용,0,0,유지
CUST000884,2025-04-24,48.0,여성,수도권,일반,14.2,744.0,323000.0,314000.0,16,0.714,미사용,0,4,해지
CUST000885,2020-02-06,23.0,남성,제주,플래티넘,76.7,585.0,791000.0,805000.0,18,0.619,미사용,0,0,유지
CUST000886,2021-05-30,19.0,남성,영남,일반,61.0,779.0,898000.0,848000.0,15,,사용,1,1,해지
CUST000887,2021-10-17,45.0,여성,호남,일반,56.4,887.0,619000.0,570000.0,17,0.629,사용,0,1,유지
CUST000888,2020-10-30,46.0,남성,제주,골드,68.0,709.0,88000.0,69000.0,9,0.616,사용,0,1,해지
CUST000889,2021-05-24,48.0,여성,호남,일반,61.2,711.0,526000.0,545000.0,21,0.896,사용,1,0,유지
CUST000890,2019-05-17,33.0,여성,수도권,일반,85.4,674.0,837000.0,707000.0,13,0.227,미사용,0,0,유지
CUST000891,2020-06-27,68.0,여성,호남,일반,72.1,755.0,170000.0,195000.0,17,0.245,사용,0,0,유지
CUST000892,2022-05-23,24.0,여성,수도권,일반,49.2,605.0,153000.0,111000.0,13,0.549,미사용,0,0,유지
CUST000893,2020-07-03,31.0,남성,영남,일반,71.9,810.0,401000.0,391000.0,17,,미사용,0,0,유지
CUST000894,2024-11-04,52.0,남성,호남,골드,19.8,713.0,361000.0,329000.0,19,0.595,미사용,0,1,유지
CUST000895,2023-12-12,43.0,여성,영남,블랙,30.6,619.0,164000.0,186000.0,14,0.259,미사용,0,1,유지
CUST000896,2020-03-09,39.0,남성,수도권,일반,75.7,565.0,357000.0,310000.0,18,0.624,미사용,2,0,유지
CUST000897,2019-08-20,52.0,여성,수도권,플래티넘,82.3,619.0,194000.0,92000.0,18,0.307,미사용,0,0,해지
CUST000898,2021-05-24,58.0,남성,호남,일반,61.2,653.0,472000.0,528000.0,12,0.903,사용,0,1,유지
CUST000899,2021-06-20,26.0,남성,수도권,일반,60.3,607.0,595000.0,640000.0,17,0.589,미사용,0,0,유지
CUST000900,2023-03-17,41.0,여성,충청,일반,39.5,642.0,577000.0,841000.0,10,0.393,미사용,1,0,유지
CUST000901,2024-06-05,40.0,남성,제주,플래티넘,24.8,844.0,324000.0,292000.0,21,0.189,미사용,0,1,유지
CUST000902,2018-09-17,29.0,남성,호남,골드,93.4,766.0,339000.0,338000.0,18,0.276,미사용,2,0,유지
CUST000903,2021-02-11,21.0,남성,제주,일반,64.6,508.0,164000.0,132000.0,7,0.346,미사용,0,0,유지
CUST000904,2022-04-04,19.0,남성,호남,일반,50.9,772.0,327000.0,398000.0,12,0.407,사용,1,2,유지
CUST000905,2023-05-24,41.0,여성,충청,일반,37.2,557.0,551000.0,414000.0,11,0.168,미사용,1,0,유지
CUST000906,2022-10-26,36.0,여성,수도권,일반,44.1,835.0,991000.0,1203000.0,14,0.603,미사용,0,0,유지
CUST000907,2019-09-11,27.0,남성,제주,일반,81.6,573.0,837000.0,643000.0,11,0.289,사용,0,0,해지
CUST000908,2022-04-18,41.0,남성,수도권,골드,50.4,719.0,422000.0,494000.0,23,,미사용,0,0,유지
CUST000909,2024-02-21,46.0,여성,영남,블랙,28.3,516.0,667000.0,798000.0,19,0.718,사용,0,0,유지
CUST000910,2021-12-22,41.0,남성,충청,블랙,54.2,602.0,830000.0,838000.0,17,0.254,사용,2,0,유지
CUST000911,2022-05-13,38.0,여성,영남,골드,49.6,626.0,241000.0,208000.0,12,0.221,미사용,0,2,유지
CUST000912,2020-10-30,29.0,여성,수도권,일반,68.0,649.0,310000.0,356000.0,11,0.542,미사용,0,2,유지
CUST000913,2019-10-04,33.0,여성,수도권,골드,80.8,574.0,562000.0,550000.0,11,0.545,미사용,0,1,유지
CUST000914,2020-10-31,43.0,여성,수도권,골드,67.9,656.0,569000.0,355000.0,18,0.857,미사용,1,0,유지
CUST000915,2021-12-05,20.0,여성,호남,골드,54.8,566.0,1011000.0,878000.0,16,0.75,미사용,1,2,해지
CUST000916,2022-09-09,44.0,여성,호남,일반,45.7,796.0,251000.0,210000.0,8,0.424,사용,0,1,유지
CUST000917,2020-08-07,24.0,여성,충청,일반,70.7,676.0,315000.0,362000.0,12,0.174,미사용,0,1,유지
CUST000918,2018-02-12,32.0,여성,영남,플래티넘,100.5,486.0,451000.0,259000.0,12,0.477,미사용,1,0,해지
CUST000919,2023-05-06,31.0,남성,영남,일반,37.8,674.0,542000.0,651000.0,17,0.839,미사용,0,0,유지
CUST000920,2019-12-28,43.0,남성,영남,플래티넘,78.1,760.0,404000.0,333000.0,19,0.89,미사용,0,2,유지
CUST000921,2023-09-12,51.0,여성,수도권,골드,33.6,620.0,424000.0,411000.0,19,0.386,사용,0,0,유지
CUST000922,2019-10-18,31.0,여성,수도권,일반,80.4,685.0,440000.0,393000.0,14,0.268,미사용,0,1,유지
CUST000923,2018-10-28,47.0,남성,호남,플래티넘,92.0,640.0,864000.0,653000.0,10,0.515,미사용,0,1,해지
CUST000924,2023-04-30,19.0,남성,수도권,플래티넘,38.0,632.0,470000.0,506000.0,11,0.216,미사용,0,1,유지
CUST000925,2022-10-12,29.0,남성,수도권,일반,44.6,674.0,340000.0,540000.0,6,0.462,미사용,0,1,유지
CUST000926,2021-05-29,47.0,남성,충청,일반,61.0,804.0,284000.0,237000.0,10,0.631,미사용,0,4,유지
CUST000927,2024-10-10,26.0,여성,강원,플래티넘,20.6,686.0,459000.0,530000.0,16,0.537,사용,1,1,유지
CUST000928,2019-10-22,62.0,여성,충청,골드,80.3,610.0,368000.0,287000.0,13,0.679,사용,3,1,해지
CUST000929,2023-10-23,35.0,여성,제주,골드,32.2,635.0,579000.0,515000.0,13,0.317,미사용,0,0,유지
CUST000930,2024-02-25,32.0,남성,수도권,골드,28.1,,541000.0,593000.0,15,,미사용,0,3,유지
CUST000931,2023-05-24,50.0,남성,영남,일반,37.2,739.0,315000.0,340000.0,12,0.381,사용,0,1,해지
CUST000932,2024-09-30,29.0,남성,강원,골드,21.0,618.0,271000.0,317000.0,11,0.198,미사용,1,1,유지
CUST000933,2025-03-27,49.0,남성,강원,골드,15.1,621.0,187000.0,149000.0,12,0.339,미사용,0,0,유지
CUST000934,2019-10-05,57.0,여성,충청,골드,80.8,653.0,394000.0,290000.0,15,0.585,미사용,0,0,유지
CUST000935,2023-05-24,51.0,여성,수도권,플래티넘,37.2,721.0,392000.0,637000.0,14,0.404,사용,0,1,유지
CUST000936,2019-02-26,32.0,남성,영남,일반,88.1,557.0,251000.0,235000.0,16,0.684,미사용,0,0,유지
CUST000937,2022-09-12,28.0,남성,강원,일반,45.6,598.0,740000.0,161000.0,11,0.597,미사용,0,0,해지
CUST000938,2021-08-16,44.0,여성,수도권,일반,58.4,470.0,797000.0,1089000.0,16,0.242,미사용,1,0,해지
CUST000939,2025-08-29,40.0,남성,수도권,플래티넘,10.0,623.0,473000.0,413000.0,18,0.794,사용,1,2,유지
CUST000940,2019-11-06,50.0,남성,수도권,일반,79.8,,707000.0,675000.0,17,0.563,미사용,0,1,유지
CUST000941,2018-05-08,48.0,여성,충청,골드,97.7,734.0,405000.0,438000.0,11,0.494,미사용,1,2,유지
CUST000942,2024-11-27,34.0,여성,강원,일반,19.1,696.0,373000.0,261000.0,16,0.319,미사용,0,1,유지
CUST000943,2025-07-03,44.0,남성,충청,일반,11.9,662.0,365000.0,403000.0,16,0.365,사용,0,1,유지
CUST000944,2019-04-25,35.0,남성,수도권,일반,86.2,546.0,447000.0,364000.0,12,0.417,미사용,0,1,유지
CUST000945,2020-09-10,52.0,여성,수도권,일반,69.6,,1925000.0,2794000.0,13,0.553,미사용,1,0,유지
CUST000946,2021-08-10,49.0,남성,충청,플래티넘,58.6,571.0,358000.0,509000.0,13,0.334,사용,3,0,유지
CUST000947,2022-01-26,40.0,여성,호남,일반,53.1,520.0,555000.0,291000.0,16,0.422,미사용,0,0,유지
CUST000948,2024-12-16,46.0,여성,수도권,일반,18.4,634.0,312000.0,115000.0,10,0.658,미사용,0,1,유지
CUST000949,2024-09-10,28.0,여성,수도권,일반,21.6,747.0,666000.0,715000.0,17,0.775,미사용,0,1,유지
CUST000950,2020-06-21,53.0,남성,수도권,일반,72.3,788.0,93000.0,80000.0,16,0.091,미사용,0,2,유지
CUST000951,2020-09-12,40.0,남성,충청,일반,69.5,614.0,283000.0,330000.0,18,0.258,미사용,2,0,해지
CUST000952,2020-01-09,47.0,여성,수도권,일반,77.7,695.0,1056000.0,1415000.0,12,0.373,미사용,1,1,유지
CUST000953,2021-03-22,29.0,남성,영남,골드,63.3,,277000.0,241000.0,18,0.602,사용,0,1,유지
CUST000954,2018-11-14,19.0,여성,수도권,플래티넘,91.5,808.0,269000.0,308000.0,14,0.436,미사용,0,0,유지
CUST000955,2023-06-20,34.0,여성,수도권,일반,36.3,670.0,286000.0,166000.0,16,0.656,미사용,0,0,유지
CUST000956,2024-11-25,44.0,남성,영남,일반,19.1,586.0,130000.0,170000.0,8,0.604,미사용,0,0,유지
CUST000957,2024-09-12,55.0,여성,영남,골드,21.6,646.0,554000.0,451000.0,13,0.691,미사용,0,1,유지
CUST000958,2020-12-15,47.0,여성,호남,일반,66.5,,1033000.0,1348000.0,4,0.055,사용,0,0,유지
CUST000959,2022-10-23,41.0,여성,영남,일반,44.2,731.0,369000.0,509000.0,12,0.336,사용,0,1,유지
CUST000960,2023-04-05,28.0,남성,호남,일반,38.8,782.0,624000.0,520000.0,15,0.643,미사용,1,1,해지
CUST000961,2025-05-14,28.0,여성,영남,플래티넘,13.5,776.0,423000.0,556000.0,15,0.432,미사용,0,0,유지
CUST000962,2019-11-03,43.0,여성,충청,골드,79.9,581.0,554000.0,385000.0,11,0.386,사용,1,1,해지
CUST000963,2023-12-06,52.0,여성,강원,일반,30.8,708.0,157000.0,147000.0,17,0.431,미사용,0,0,유지
CUST000964,2021-01-29,44.0,여성,영남,골드,65.0,791.0,722000.0,141000.0,11,0.637,미사용,0,0,유지
CUST000965,2024-01-22,55.0,남성,수도권,블랙,29.2,616.0,654000.0,603000.0,9,0.78,미사용,0,0,유지
CUST000966,2025-04-30,63.0,남성,호남,플래티넘,14.0,555.0,654000.0,278000.0,21,,사용,2,0,해지
CUST000967,2024-01-08,36.0,여성,호남,일반,29.7,678.0,384000.0,274000.0,16,0.471,사용,1,0,유지
CUST000968,2020-06-04,53.0,여성,호남,플래티넘,72.8,615.0,887000.0,1338000.0,13,0.049,미사용,0,1,유지
CUST000969,2020-09-16,49.0,여성,수도권,플래티넘,69.4,696.0,915000.0,641000.0,17,0.567,사용,0,1,유지
CUST000970,2018-11-16,34.0,여성,강원,골드,91.4,645.0,293000.0,341000.0,10,0.278,사용,1,0,유지
CUST000971,2022-10-23,42.0,여성,강원,골드,44.2,567.0,483000.0,481000.0,21,0.733,미사용,0,1,유지
CUST000972,2018-05-29,26.0,남성,수도권,일반,97.0,766.0,915000.0,769000.0,17,0.58,미사용,1,1,유지
CUST000973,2020-12-10,27.0,여성,호남,일반,66.6,773.0,344000.0,335000.0,19,0.652,미사용,0,1,해지
CUST000974,2018-05-21,25.0,남성,영남,일반,97.3,721.0,1091000.0,982000.0,10,0.758,미사용,0,2,유지
CUST000975,2024-01-20,28.0,여성,영남,플래티넘,29.3,815.0,769000.0,789000.0,17,0.048,사용,2,2,유지
CUST000976,2025-07-09,71.0,여성,수도권,플래티넘,11.7,685.0,413000.0,331000.0,19,0.72,사용,2,3,유지
CUST000977,2025-02-16,28.0,남성,수도권,골드,16.4,692.0,249000.0,162000.0,8,0.399,미사용,0,0,유지
CUST000978,2022-08-04,55.0,여성,수도권,골드,46.8,682.0,209000.0,205000.0,8,0.823,미사용,1,2,유지
CUST000979,2019-07-17,40.0,여성,영남,일반,83.4,748.0,551000.0,591000.0,9,0.36,사용,0,0,유지
CUST000980,2023-08-05,54.0,여성,강원,골드,34.8,681.0,1232000.0,863000.0,12,0.279,미사용,0,2,해지
CUST000981,2018-10-07,40.0,남성,강원,플래티넘,92.7,778.0,771000.0,266000.0,11,0.403,미사용,0,1,유지
CUST000982,2025-06-23,28.0,남성,호남,일반,12.2,682.0,437000.0,401000.0,14,0.307,사용,1,0,유지
CUST000983,2018-05-17,27.0,여성,영남,블랙,97.4,911.0,852000.0,909000.0,18,0.579,미사용,0,0,유지
CUST000984,2022-01-23,40.0,여성,수도권,골드,53.2,743.0,492000.0,457000.0,18,0.592,미사용,0,0,유지
CUST000985,2018-03-13,53.0,남성,수도권,일반,99.6,688.0,514000.0,676000.0,22,0.353,미사용,1,0,유지
CUST000986,2021-12-20,39.0,남성,강원,일반,54.3,854.0,584000.0,391000.0,18,0.102,미사용,1,4,해지
CUST000987,2021-02-15,55.0,남성,영남,블랙,64.4,758.0,506000.0,642000.0,9,0.728,사용,0,0,유지
CUST000988,2018-07-31,32.0,여성,충청,골드,95.0,748.0,689000.0,479000.0,21,0.215,미사용,0,0,유지
CUST000989,2024-10-04,19.0,여성,영남,플래티넘,20.8,624.0,606000.0,551000.0,11,0.582,미사용,0,3,유지
CUST000990,2024-12-10,29.0,여성,강원,일반,18.6,740.0,296000.0,314000.0,10,0.689,사용,0,0,해지
CUST000991,2021-12-26,31.0,남성,수도권,골드,54.1,691.0,311000.0,419000.0,17,0.155,미사용,0,0,유지
CUST000992,2023-10-05,51.0,여성,충청,일반,32.8,862.0,366000.0,445000.0,15,0.72,미사용,0,1,유지
CUST000993,2019-02-26,35.0,여성,충청,일반,88.1,646.0,353000.0,283000.0,9,0.629,사용,1,2,해지
CUST000994,2018-09-26,63.0,남성,수도권,플래티넘,93.1,,404000.0,292000.0,18,0.321,미사용,0,0,해지
CUST000995,2023-02-13,28.0,남성,영남,플래티넘,40.5,673.0,290000.0,196000.0,14,0.579,미사용,0,2,유지
CUST000996,2022-01-24,31.0,남성,제주,골드,53.2,537.0,448000.0,447000.0,19,0.839,미사용,0,0,유지
CUST000997,2019-04-21,50.0,남성,수도권,플래티넘,86.3,465.0,592000.0,610000.0,16,0.424,미사용,0,1,유지
CUST000998,2018-03-22,39.0,남성,수도권,플래티넘,99.3,750.0,547000.0,726000.0,14,0.584,미사용,0,0,유지
CUST000999,2023-04-28,34.0,남성,영남,일반,38.1,751.0,674000.0,961000.0,12,0.786,미사용,0,1,유지
CUST001000,2024-03-31,34.0,여성,호남,일반,27.0,628.0,607000.0,573000.0,17,0.317,사용,0,3,유지
CUST001001,2023-10-05,,여성,수도권,골드,32.8,513.0,406000.0,300000.0,14,0.586,사용,0,3,해지
CUST001002,2025-04-30,48.0,여성,수도권,일반,14.0,754.0,550000.0,439000.0,10,0.676,사용,0,2,해지
CUST001003,2019-09-22,39.0,여성,강원,골드,81.2,792.0,821000.0,791000.0,8,0.512,미사용,0,2,유지
CUST001004,2021-02-20,33.0,남성,충청,골드,64.3,632.0,534000.0,414000.0,20,0.116,미사용,0,0,해지
CUST001005,2022-08-22,30.0,여성,호남,플래티넘,46.3,640.0,505000.0,439000.0,14,0.431,미사용,0,1,해지
CUST001006,2018-12-27,37.0,남성,수도권,일반,90.1,609.0,550000.0,447000.0,19,0.347,미사용,1,2,유지
CUST001007,2020-02-09,27.0,남성,수도권,일반,76.6,,380000.0,285000.0,12,0.223,미사용,0,2,유지
CUST001008,2019-08-15,37.0,여성,수도권,일반,82.5,677.0,276000.0,321000.0,7,0.44,미사용,0,0,유지
CUST001009,2024-05-06,51.0,남성,강원,골드,25.8,612.0,1350000.0,470000.0,13,,미사용,0,0,해지
CUST001010,2019-12-25,57.0,남성,강원,골드,78.2,607.0,425000.0,526000.0,12,0.407,미사용,0,0,유지
CUST001011,2022-09-08,19.0,여성,강원,일반,45.7,604.0,248000.0,169000.0,13,0.268,미사용,0,0,유지
CUST001012,2019-09-20,50.0,여성,영남,골드,81.3,845.0,1371000.0,1297000.0,13,1.0,미사용,1,1,유지
CUST001013,2020-04-09,22.0,여성,수도권,플래티넘,74.7,682.0,423000.0,354000.0,17,0.564,사용,0,1,유지
CUST001014,2022-05-09,58.0,남성,영남,골드,49.7,552.0,292000.0,303000.0,18,0.933,미사용,0,2,해지
CUST001015,2023-03-06,51.0,남성,영남,골드,39.8,884.0,281000.0,426000.0,7,0.614,미사용,2,1,유지
CUST001016,2025-03-03,49.0,여성,수도권,골드,15.9,638.0,707000.0,661000.0,13,0.619,미사용,0,0,유지
CUST001017,2023-08-01,35.0,남성,영남,일반,35.0,802.0,364000.0,381000.0,19,0.366,사용,1,0,유지
CUST001018,2022-06-17,34.0,여성,영남,일반,48.4,688.0,341000.0,228000.0,18,0.604,미사용,1,2,해지
CUST001019,2024-03-28,50.0,여성,수도권,골드,27.1,767.0,453000.0,209000.0,10,0.258,미사용,1,0,유지
CUST001020,2022-05-28,42.0,여성,강원,일반,49.1,525.0,549000.0,427000.0,12,0.485,미사용,1,0,유지
CUST001021,2021-12-23,44.0,여성,영남,일반,54.2,680.0,330000.0,290000.0,15,0.19,미사용,0,1,유지
CUST001022,2022-12-02,40.0,여성,호남,골드,42.9,653.0,533000.0,516000.0,12,0.372,미사용,0,1,유지
CUST001023,2018-12-28,54.0,남성,충청,일반,90.0,656.0,410000.0,433000.0,16,0.684,미사용,0,1,유지
CUST001024,2022-10-27,43.0,남성,영남,골드,44.1,571.0,721000.0,880000.0,15,0.694,미사용,0,1,유지
CUST001025,2021-01-02,32.0,남성,강원,골드,65.9,753.0,327000.0,298000.0,8,0.269,사용,0,1,해지
CUST001026,2020-11-26,48.0,남성,충청,골드,67.1,625.0,573000.0,681000.0,20,0.265,미사용,0,0,유지
CUST001027,2023-01-03,63.0,여성,수도권,일반,41.9,726.0,363000.0,444000.0,17,0.367,미사용,0,1,유지
CUST001028,2024-02-06,33.0,남성,수도권,일반,28.7,461.0,561000.0,477000.0,9,0.491,미사용,1,1,유지
CUST001029,2019-10-20,33.0,여성,수도권,골드,80.3,,342000.0,269000.0,12,0.423,미사용,0,0,유지
CUST001030,2018-06-14,48.0,여성,수도권,플래티넘,96.5,645.0,490000.0,395000.0,11,0.118,사용,0,1,해지
CUST001031,2023-02-04,65.0,남성,호남,일반,40.8,692.0,807000.0,828000.0,16,0.936,미사용,0,1,유지
CUST001032,2024-03-16,49.0,여성,호남,골드,27.5,770.0,608000.0,591000.0,18,,사용,2,0,유지
CUST001033,2018-03-24,,남성,호남,일반,99.2,786.0,1072000.0,958000.0,14,0.641,미사용,2,3,유지
CUST001034,2018-12-31,54.0,여성,수도권,플래티넘,89.9,587.0,242000.0,174000.0,12,0.702,미사용,0,0,유지
CUST001035,2021-01-22,19.0,남성,제주,골드,65.2,514.0,509000.0,444000.0,15,,미사용,0,1,유지
CUST001036,2020-01-04,39.0,남성,수도권,일반,77.8,808.0,174000.0,222000.0,18,0.559,사용,1,0,유지
CUST001037,2020-05-10,65.0,여성,수도권,일반,73.7,512.0,512000.0,518000.0,12,0.777,사용,0,1,유지
CUST001038,2025-03-22,53.0,남성,호남,골드,15.3,564.0,176000.0,243000.0,14,0.446,미사용,0,1,유지
CUST001039,2019-03-02,27.0,남성,충청,플래티넘,87.9,502.0,326000.0,307000.0,12,0.486,미사용,0,0,유지
CUST001040,2018-11-11,57.0,남성,충청,플래티넘,91.6,732.0,276000.0,283000.0,8,0.392,미사용,0,2,유지
CUST001041,2024-02-06,31.0,여성,수도권,일반,28.7,799.0,157000.0,168000.0,14,0.668,미사용,0,0,유지
CUST001042,2022-05-21,43.0,남성,영남,일반,49.3,643.0,324000.0,298000.0,22,0.547,미사용,1,2,유지
CUST001043,2025-06-22,40.0,여성,수도권,골드,12.3,548.0,544000.0,301000.0,21,0.424,사용,0,1,해지
CUST001044,2025-06-26,58.0,남성,수도권,골드,12.1,658.0,950000.0,662000.0,17,0.884,미사용,1,0,유지
CUST001045,2022-08-13,57.0,여성,수도권,플래티넘,46.6,835.0,509000.0,416000.0,16,0.825,미사용,0,1,유지
CUST001046,2023-05-12,32.0,여성,호남,일반,37.6,659.0,467000.0,256000.0,12,0.398,미사용,0,0,유지
CUST001047,2025-02-20,49.0,남성,수도권,골드,16.3,758.0,508000.0,245000.0,9,0.379,미사용,0,1,해지
CUST001048,2020-05-28,37.0,남성,강원,일반,73.1,721.0,343000.0,118000.0,13,0.435,미사용,0,0,해지
CUST001049,2020-12-04,65.0,남성,영남,일반,66.8,741.0,315000.0,338000.0,17,0.794,미사용,0,1,유지
CUST001050,2020-01-14,60.0,남성,수도권,일반,77.5,615.0,227000.0,236000.0,6,0.262,미사용,0,0,유지
CUST001051,2021-11-01,39.0,여성,충청,일반,55.9,649.0,514000.0,651000.0,17,0.377,미사용,0,0,유지
CUST001052,2022-05-04,36.0,여성,수도권,일반,49.9,679.0,270000.0,215000.0,14,0.246,미사용,1,0,유지
CUST001053,2023-04-16,41.0,여성,영남,골드,38.5,688.0,1032000.0,838000.0,18,0.312,미사용,1,1,유지
CUST001054,2024-03-15,19.0,여성,충청,일반,27.5,,893000.0,398000.0,14,0.257,미사용,1,2,해지
CUST001055,2024-01-30,57.0,남성,수도권,플래티넘,29.0,681.0,232000.0,216000.0,15,0.657,미사용,1,1,유지
CUST001056,2020-08-09,33.0,남성,수도권,플래티넘,70.7,740.0,680000.0,709000.0,18,0.501,미사용,0,0,유지
CUST001057,2019-12-21,33.0,남성,수도권,일반,78.3,640.0,482000.0,536000.0,16,0.357,미사용,1,0,유지
CUST001058,2020-10-08,55.0,남성,수도권,플래티넘,68.7,693.0,510000.0,501000.0,14,0.877,미사용,1,1,유지
CUST001059,2020-03-05,54.0,여성,호남,일반,75.8,536.0,649000.0,727000.0,17,0.424,미사용,0,1,유지
CUST001060,2025-03-23,30.0,여성,수도권,골드,15.2,634.0,185000.0,232000.0,15,0.455,미사용,0,0,유지
CUST001061,2018-09-29,26.0,남성,강원,일반,93.0,789.0,783000.0,1008000.0,16,,미사용,0,2,유지
CUST001062,2023-11-19,66.0,여성,충청,일반,31.3,514.0,435000.0,492000.0,19,0.225,미사용,1,0,유지
CUST001063,2022-09-15,37.0,여성,수도권,일반,45.5,900.0,183000.0,179000.0,11,0.659,사용,0,0,해지
CUST001064,2019-06-24,43.0,여성,영남,일반,84.2,734.0,380000.0,323000.0,16,0.399,사용,0,1,유지
CUST001065,2022-07-14,44.0,여성,제주,골드,47.5,573.0,280000.0,316000.0,8,0.541,미사용,1,0,해지
CUST001066,2019-01-07,30.0,여성,호남,플래티넘,89.7,713.0,1426000.0,1927000.0,17,0.716,미사용,0,0,유지
CUST001067,2024-10-07,36.0,남성,수도권,일반,20.7,599.0,429000.0,396000.0,16,0.203,미사용,1,1,해지
CUST001068,2022-02-26,55.0,여성,충청,일반,52.1,700.0,387000.0,428000.0,17,0.576,미사용,0,1,유지
CUST001069,2025-05-22,19.0,남성,호남,일반,13.3,707.0,534000.0,760000.0,19,0.647,미사용,0,1,해지
CUST001070,2023-08-01,38.0,남성,호남,골드,35.0,950.0,909000.0,711000.0,17,0.432,미사용,0,1,유지
CUST001071,2018-09-11,44.0,남성,수도권,골드,93.6,651.0,234000.0,345000.0,20,0.37,미사용,1,2,유지
CUST001072,2023-11-03,30.0,여성,수도권,일반,31.9,595.0,195000.0,198000.0,16,0.652,미사용,0,3,유지
CUST001073,2021-05-08,35.0,여성,수도권,골드,61.7,551.0,417000.0,252000.0,12,0.616,미사용,1,0,유지
CUST001074,2019-12-24,64.0,여성,호남,플래티넘,78.2,837.0,371000.0,260000.0,7,0.303,미사용,0,0,유지
CUST001075,2022-05-08,50.0,남성,호남,일반,49.7,706.0,280000.0,217000.0,15,0.145,미사용,0,0,해지
CUST001076,2023-09-06,19.0,여성,영남,일반,33.8,802.0,442000.0,138000.0,17,0.046,미사용,0,0,유지
CUST001077,2018-03-07,42.0,남성,호남,일반,99.8,596.0,178000.0,195000.0,15,0.692,미사용,1,0,유지
CUST001078,2021-11-26,43.0,여성,수도권,골드,55.1,684.0,364000.0,420000.0,16,0.676,미사용,0,0,유지
CUST001079,2020-10-04,23.0,남성,영남,일반,68.8,761.0,181000.0,48000.0,17,0.33,미사용,0,1,해지
CUST001080,2018-04-19,62.0,남성,수도권,일반,98.4,535.0,530000.0,462000.0,15,0.422,미사용,0,2,해지
CUST001081,2021-08-17,33.0,남성,수도권,일반,58.4,708.0,247000.0,341000.0,15,0.647,미사용,1,0,유지
CUST001082,2023-03-30,34.0,여성,영남,골드,39.0,666.0,1225000.0,688000.0,11,0.1,미사용,0,2,유지
CUST001083,2024-02-08,32.0,남성,영남,플래티넘,28.7,655.0,429000.0,473000.0,12,0.759,미사용,0,1,유지
CUST001084,2019-08-09,31.0,남성,충청,플래티넘,82.7,725.0,435000.0,527000.0,15,0.593,미사용,0,2,해지
CUST001085,2018-04-30,,남성,수도권,플래티넘,98.0,850.0,531000.0,291000.0,15,0.426,미사용,0,1,유지
CUST001086,2025-02-28,21.0,남성,영남,일반,16.0,720.0,938000.0,1025000.0,5,0.272,미사용,0,0,유지
CUST001087,2023-06-18,47.0,여성,호남,골드,36.4,675.0,918000.0,408000.0,11,0.333,미사용,0,2,유지
CUST001088,2020-06-10,44.0,여성,수도권,블랙,72.6,641.0,346000.0,226000.0,15,0.507,미사용,0,0,유지
CUST001089,2025-08-18,33.0,여성,영남,골드,10.4,733.0,299000.0,395000.0,12,0.493,미사용,0,0,유지
CUST001090,2024-10-28,44.0,남성,호남,일반,20.0,795.0,211000.0,104000.0,18,0.451,미사용,0,0,해지
CUST001091,2019-05-19,37.0,여성,호남,일반,85.4,685.0,280000.0,298000.0,20,0.344,미사용,0,0,유지
CUST001092,2021-12-15,43.0,남성,수도권,블랙,54.5,656.0,291000.0,157000.0,14,0.182,미사용,0,0,유지
CUST001093,2024-02-03,26.0,여성,강원,일반,28.8,784.0,565000.0,646000.0,13,0.253,미사용,0,0,유지
CUST001094,2023-07-30,46.0,여성,수도권,골드,35.0,706.0,273000.0,315000.0,15,0.405,사용,1,1,유지
CUST001095,2020-03-24,49.0,남성,강원,골드,75.2,759.0,496000.0,385000.0,17,0.589,미사용,0,0,유지
CUST001096,2025-05-11,40.0,남성,영남,일반,13.6,586.0,1199000.0,746000.0,17,0.447,미사용,0,0,해지
CUST001097,2023-09-20,43.0,여성,영남,플래티넘,33.3,766.0,374000.0,228000.0,10,0.486,미사용,0,3,해지
CUST001098,2019-09-07,40.0,여성,수도권,골드,81.7,671.0,649000.0,256000.0,16,0.426,미사용,0,1,해지
CUST001099,2020-08-22,54.0,여성,충청,일반,70.2,634.0,310000.0,403000.0,18,0.647,미사용,0,0,유지
CUST001100,2020-04-27,39.0,남성,충청,골드,74.1,642.0,874000.0,874000.0,13,0.0,미사용,0,0,유지
CUST001101,2020-10-05,44.0,여성,충청,골드,68.8,665.0,319000.0,389000.0,17,0.208,미사용,0,2,유지
CUST001102,2023-03-02,47.0,남성,영남,골드,39.9,820.0,641000.0,502000.0,14,0.46,미사용,1,0,유지
CUST001103,2025-08-10,49.0,남성,수도권,일반,10.6,676.0,288000.0,288000.0,18,0.421,미사용,1,0,유지
CUST001104,2024-05-07,21.0,여성,충청,일반,25.8,550.0,548000.0,534000.0,13,0.33,미사용,0,0,유지
CUST001105,2025-04-08,38.0,남성,수도권,일반,14.7,715.0,529000.0,452000.0,11,0.3,미사용,0,0,유지
CUST001106,2023-02-28,47.0,여성,호남,골드,40.0,744.0,643000.0,553000.0,18,0.616,미사용,0,2,유지
CUST001107,2020-02-20,51.0,여성,수도권,일반,76.3,576.0,411000.0,467000.0,14,0.747,사용,0,1,유지
CUST001108,2023-03-23,57.0,남성,수도권,골드,39.3,693.0,253000.0,283000.0,23,0.448,미사용,0,0,유지
CUST001109,2018-01-15,52.0,남성,제주,일반,101.4,759.0,479000.0,467000.0,13,0.362,미사용,1,1,유지
CUST001110,2024-08-07,44.0,여성,호남,일반,22.7,615.0,399000.0,235000.0,15,0.432,사용,2,2,유지
CUST001111,2018-08-26,39.0,남성,호남,골드,94.1,752.0,246000.0,313000.0,14,0.763,미사용,0,0,유지
CUST001112,2021-02-07,41.0,남성,제주,골드,64.7,624.0,621000.0,481000.0,18,0.573,사용,2,3,유지
CUST001113,2021-07-24,34.0,남성,수도권,플래티넘,59.2,649.0,382000.0,451000.0,11,0.479,사용,0,0,유지
CUST001114,2021-11-03,47.0,여성,호남,일반,55.8,742.0,395000.0,440000.0,10,0.758,미사용,0,2,유지
CUST001115,2023-10-17,47.0,여성,수도권,일반,32.4,799.0,348000.0,494000.0,19,0.504,미사용,0,0,유지
CUST001116,2023-10-27,45.0,여성,수도권,일반,32.1,754.0,305000.0,274000.0,15,0.126,사용,0,1,유지
CUST001117,2020-04-19,34.0,여성,수도권,일반,74.3,757.0,253000.0,221000.0,16,0.491,사용,0,0,해지
CUST001118,2025-01-04,33.0,여성,호남,블랙,17.8,404.0,266000.0,179000.0,10,0.453,사용,0,3,유지
CUST001119,2023-04-22,40.0,남성,호남,골드,38.3,617.0,220000.0,272000.0,9,0.993,사용,2,0,유지
CUST001120,2018-07-01,36.0,남성,수도권,플래티넘,96.0,759.0,575000.0,568000.0,16,0.369,사용,1,2,유지
CUST001121,2019-02-05,47.0,여성,수도권,플래티넘,88.8,749.0,666000.0,691000.0,16,0.198,사용,0,0,유지
CUST001122,2020-09-19,47.0,남성,제주,일반,69.3,647.0,238000.0,292000.0,18,0.07,사용,0,1,해지
CUST001123,2020-11-03,22.0,남성,수도권,일반,67.8,608.0,824000.0,449000.0,16,0.415,미사용,1,2,유지
CUST001124,2020-02-28,40.0,남성,수도권,플래티넘,76.0,579.0,158000.0,193000.0,16,0.922,미사용,0,2,해지
CUST001125,2018-09-15,38.0,남성,수도권,일반,93.5,600.0,607000.0,254000.0,10,0.674,미사용,0,1,해지
CUST001126,2018-12-18,39.0,여성,호남,플래티넘,90.4,778.0,203000.0,190000.0,10,0.293,미사용,0,0,유지
CUST001127,2022-08-12,49.0,여성,수도권,골드,46.6,750.0,629000.0,259000.0,8,0.377,미사용,1,1,해지
CUST001128,2021-07-15,34.0,남성,수도권,일반,59.5,599.0,282000.0,309000.0,12,0.198,미사용,0,1,유지
CUST001129,2023-09-14,36.0,여성,수도권,일반,33.5,751.0,756000.0,775000.0,14,0.084,미사용,1,2,해지
CUST001130,2024-12-16,27.0,남성,영남,골드,18.4,925.0,282000.0,271000.0,23,0.735,사용,0,2,유지
CUST001131,2023-04-10,34.0,여성,제주,일반,38.7,622.0,148000.0,139000.0,11,0.61,미사용,0,0,해지
CUST001132,2023-10-22,55.0,남성,제주,플래티넘,32.3,605.0,392000.0,293000.0,22,0.721,미사용,0,0,유지
CUST001133,2021-08-06,52.0,남성,영남,블랙,58.8,752.0,307000.0,407000.0,25,0.144,미사용,1,0,유지
CUST001134,2022-07-06,44.0,여성,강원,일반,47.8,657.0,610000.0,516000.0,19,0.277,미사용,0,1,유지
CUST001135,2022-11-05,26.0,여성,수도권,블랙,43.8,679.0,759000.0,485000.0,16,0.335,미사용,0,1,유지
CUST001136,2023-06-13,52.0,여성,영남,일반,36.6,634.0,324000.0,258000.0,18,0.125,미사용,1,1,해지
CUST001137,2019-11-22,51.0,남성,영남,블랙,79.2,738.0,1073000.0,857000.0,14,0.885,미사용,0,1,유지
CUST001138,2022-03-05,45.0,남성,수도권,일반,51.8,694.0,463000.0,404000.0,15,,미사용,1,2,유지
CUST001139,2018-11-15,38.0,여성,영남,일반,91.5,621.0,264000.0,210000.0,14,0.344,사용,0,1,해지
CUST001140,2020-02-10,33.0,남성,수도권,일반,76.6,653.0,497000.0,543000.0,14,0.307,미사용,0,1,유지
CUST001141,2021-08-13,61.0,남성,강원,일반,58.5,542.0,173000.0,192000.0,15,0.603,미사용,1,1,해지
CUST001142,2018-02-26,57.0,여성,호남,골드,100.1,842.0,422000.0,484000.0,13,0.868,미사용,0,1,유지
CUST001143,2023-10-06,39.0,남성,충청,플래티넘,32.8,659.0,352000.0,508000.0,15,0.66,미사용,0,2,유지
CUST001144,2019-01-27,47.0,여성,호남,일반,89.1,606.0,1246000.0,1548000.0,13,0.29,미사용,0,1,유지
CUST001145,2022-06-23,19.0,남성,영남,골드,48.2,564.0,639000.0,611000.0,13,0.226,미사용,0,2,유지
CUST001146,2019-09-16,31.0,여성,수도권,일반,81.4,923.0,298000.0,302000.0,13,0.468,미사용,0,0,유지
CUST001147,2025-02-06,54.0,남성,충청,일반,16.7,725.0,604000.0,725000.0,11,0.0,미사용,1,0,유지
CUST001148,2021-10-29,43.0,남성,호남,골드,56.0,771.0,711000.0,1120000.0,10,0.256,미사용,0,0,유지
CUST001149,2021-04-10,60.0,여성,영남,플래티넘,62.6,,1039000.0,1012000.0,13,0.231,미사용,0,0,유지
CUST001150,2019-10-09,42.0,남성,수도권,일반,80.7,654.0,423000.0,426000.0,16,0.647,미사용,1,1,유지
CUST001151,2020-12-11,46.0,남성,수도권,일반,66.6,872.0,343000.0,345000.0,10,0.374,사용,1,1,유지
CUST001152,2022-03-21,24.0,남성,수도권,골드,51.3,690.0,249000.0,251000.0,20,0.436,사용,1,0,유지
CUST001153,2018-01-24,53.0,여성,영남,블랙,101.1,820.0,198000.0,142000.0,17,0.778,미사용,0,1,해지
CUST001154,2024-11-14,42.0,여성,영남,일반,19.5,570.0,462000.0,538000.0,11,0.497,미사용,1,0,해지
CUST001155,2019-06-25,25.0,여성,수도권,일반,84.2,700.0,175000.0,141000.0,18,0.436,미사용,0,0,유지
CUST001156,2024-08-25,67.0,남성,제주,일반,22.1,508.0,784000.0,778000.0,13,0.181,미사용,0,0,유지
CUST001157,2023-02-14,46.0,여성,수도권,일반,40.5,714.0,651000.0,334000.0,20,0.555,미사용,0,0,유지
CUST001158,2023-03-04,31.0,여성,수도권,골드,39.9,746.0,373000.0,389000.0,12,0.279,미사용,0,1,유지
CUST001159,2022-09-02,52.0,남성,호남,플래티넘,45.9,755.0,263000.0,93000.0,13,0.429,사용,0,0,유지
CUST001160,2020-11-29,40.0,남성,제주,일반,67.0,,633000.0,823000.0,11,0.496,미사용,0,0,유지
CUST001161,2021-02-27,28.0,여성,수도권,일반,64.0,705.0,236000.0,317000.0,22,0.288,미사용,1,2,유지
CUST001162,2021-02-15,51.0,여성,강원,일반,64.4,649.0,502000.0,646000.0,23,0.317,미사용,0,0,유지
CUST001163,2024-09-06,29.0,여성,충청,일반,21.7,725.0,286000.0,364000.0,19,0.68,사용,0,2,유지
CUST001164,2022-05-09,33.0,남성,호남,일반,49.7,573.0,431000.0,319000.0,21,0.751,미사용,1,0,유지
CUST001165,2021-09-04,37.0,여성,호남,일반,57.8,625.0,416000.0,548000.0,17,0.504,사용,0,1,유지
CUST001166,2022-12-08,19.0,여성,수도권,골드,42.7,784.0,370000.0,352000.0,22,0.322,사용,1,0,유지
CUST001167,2025-04-15,58.0,남성,영남,골드,14.5,561.0,226000.0,234000.0,15,0.633,미사용,0,0,유지
CUST001168,2024-04-16,39.0,여성,영남,일반,26.4,727.0,1231000.0,1261000.0,21,0.867,미사용,2,0,유지
CUST001169,2024-05-19,33.0,여성,호남,일반,25.4,553.0,209000.0,213000.0,19,1.0,미사용,0,2,유지
CUST001170,2021-12-02,43.0,남성,수도권,일반,54.9,679.0,687000.0,347000.0,16,0.692,미사용,0,2,해지
CUST001171,2021-11-16,19.0,여성,강원,골드,55.4,782.0,360000.0,400000.0,16,0.476,미사용,0,2,유지
CUST001172,2023-09-09,47.0,여성,수도권,플래티넘,33.7,623.0,661000.0,619000.0,15,0.581,미사용,0,2,유지
CUST001173,2023-07-24,,남성,영남,플래티넘,35.2,719.0,624000.0,892000.0,14,0.316,미사용,2,0,해지
CUST001174,2023-07-31,46.0,여성,수도권,골드,35.0,666.0,174000.0,257000.0,10,0.274,미사용,0,2,유지
CUST001175,2021-01-28,52.0,여성,수도권,플래티넘,65.0,733.0,841000.0,871000.0,17,0.762,미사용,0,0,유지
CUST001176,2018-10-11,27.0,남성,영남,블랙,92.6,781.0,771000.0,798000.0,12,0.35,미사용,1,0,유지
CUST001177,2022-08-31,41.0,남성,영남,블랙,46.0,763.0,523000.0,705000.0,15,0.667,미사용,0,0,유지
CUST001178,2019-10-03,53.0,남성,충청,골드,80.9,650.0,339000.0,348000.0,13,0.368,사용,0,3,유지
CUST001179,2022-12-26,54.0,남성,충청,일반,42.1,804.0,504000.0,507000.0,17,0.246,미사용,0,0,유지
CUST001180,2022-02-28,33.0,여성,호남,골드,52.0,618.0,1853000.0,2220000.0,12,0.25,미사용,1,1,유지
CUST001181,2021-05-13,43.0,여성,수도권,일반,61.6,697.0,370000.0,511000.0,15,0.127,미사용,0,1,유지
CUST001182,2018-01-10,44.0,남성,수도권,일반,101.6,714.0,441000.0,315000.0,18,0.654,미사용,0,0,유지
CUST001183,2024-12-10,33.0,여성,수도권,골드,18.6,712.0,379000.0,342000.0,8,0.126,미사용,1,0,유지
CUST001184,2018-08-22,59.0,여성,영남,일반,94.3,705.0,280000.0,275000.0,13,0.658,미사용,0,1,유지
CUST001185,2021-01-16,33.0,남성,충청,플래티넘,65.4,816.0,603000.0,783000.0,21,0.658,사용,1,0,유지
CUST001186,2024-04-20,59.0,남성,영남,골드,26.3,706.0,513000.0,469000.0,20,0.217,미사용,0,0,유지
CUST001187,2023-08-14,27.0,남성,호남,일반,34.5,644.0,474000.0,407000.0,15,0.298,사용,0,3,유지
CUST001188,2025-02-23,59.0,여성,영남,플래티넘,16.2,648.0,571000.0,693000.0,19,0.689,미사용,0,2,유지
CUST001189,2019-06-10,39.0,남성,충청,골드,84.7,489.0,385000.0,473000.0,15,0.333,미사용,0,0,유지
CUST001190,2020-02-06,53.0,여성,수도권,플래티넘,76.7,539.0,309000.0,314000.0,10,0.365,사용,0,0,유지
CUST001191,2018-03-21,28.0,여성,수도권,골드,99.3,842.0,2180000.0,2856000.0,14,0.294,미사용,1,0,유지
CUST001192,2019-03-16,34.0,여성,제주,일반,87.5,824.0,553000.0,406000.0,15,0.82,미사용,0,1,유지
CUST001193,2022-07-19,44.0,여성,강원,일반,47.4,573.0,790000.0,248000.0,18,0.395,사용,0,1,해지
CUST001194,2020-10-26,51.0,남성,수도권,플래티넘,68.1,652.0,881000.0,662000.0,20,0.571,미사용,0,1,유지
CUST001195,2024-09-23,30.0,여성,강원,골드,21.2,833.0,380000.0,322000.0,19,0.782,사용,0,1,유지
CUST001196,2018-02-07,52.0,여성,충청,일반,100.7,639.0,373000.0,520000.0,14,0.628,미사용,1,0,유지
CUST001197,2022-02-23,59.0,남성,수도권,일반,52.2,776.0,613000.0,400000.0,12,0.75,미사용,0,0,유지
CUST001198,2020-11-20,51.0,여성,수도권,플래티넘,67.3,622.0,764000.0,942000.0,10,0.085,사용,0,1,유지
CUST001199,2019-12-17,42.0,여성,수도권,플래티넘,78.4,930.0,956000.0,1169000.0,11,0.204,미사용,0,1,유지
CUST001200,2025-04-11,51.0,남성,영남,일반,14.6,813.0,243000.0,164000.0,9,0.637,미사용,0,0,해지
CUST001201,2025-07-04,45.0,여성,충청,골드,11.9,735.0,349000.0,216000.0,8,,미사용,1,1,해지
CUST001202,2025-03-12,57.0,남성,호남,일반,15.6,769.0,222000.0,262000.0,24,0.482,사용,0,1,유지
CUST001203,2024-10-27,31.0,여성,충청,골드,20.1,,271000.0,278000.0,17,0.495,미사용,2,1,해지
CUST001204,2018-07-12,58.0,여성,수도권,일반,95.6,703.0,707000.0,604000.0,12,0.352,사용,1,0,유지
CUST001205,2019-02-05,33.0,여성,제주,골드,88.8,763.0,186000.0,164000.0,13,0.69,사용,1,0,유지
CUST001206,2024-10-27,28.0,여성,영남,일반,20.1,814.0,246000.0,323000.0,11,0.712,미사용,0,1,유지
CUST001207,2023-07-04,39.0,남성,수도권,골드,35.9,471.0,342000.0,265000.0,12,0.692,미사용,0,0,유지
CUST001208,2019-02-22,44.0,여성,영남,일반,88.2,507.0,614000.0,784000.0,14,0.344,미사용,0,0,해지
CUST001209,2020-08-23,55.0,여성,호남,골드,70.2,690.0,807000.0,933000.0,12,0.393,미사용,0,1,유지
CUST001210,2018-04-18,19.0,남성,영남,일반,98.4,605.0,665000.0,662000.0,12,0.573,미사용,0,1,유지
CUST001211,2022-05-24,,여성,영남,골드,49.2,554.0,235000.0,367000.0,11,0.219,미사용,0,1,유지
CUST001212,2025-04-08,40.0,남성,수도권,블랙,14.7,,902000.0,840000.0,13,,미사용,0,0,유지
CUST001213,2018-07-16,39.0,남성,수도권,골드,95.5,648.0,248000.0,170000.0,16,0.778,미사용,0,2,유지
CUST001214,2023-09-15,67.0,여성,수도권,플래티넘,33.5,649.0,852000.0,412000.0,26,0.139,미사용,0,0,유지
CUST001215,2022-01-20,37.0,남성,수도권,일반,53.3,551.0,286000.0,240000.0,11,0.654,미사용,0,1,유지
CUST001216,2022-03-19,49.0,남성,수도권,골드,51.4,744.0,425000.0,320000.0,11,0.604,미사용,0,1,해지
CUST001217,2020-11-01,32.0,남성,호남,일반,67.9,595.0,355000.0,479000.0,13,0.633,사용,0,1,유지
CUST001218,2022-12-12,33.0,남성,수도권,골드,42.6,748.0,438000.0,286000.0,13,0.586,미사용,0,1,유지
CUST001219,2022-10-08,58.0,남성,영남,일반,44.7,595.0,1273000.0,1247000.0,9,0.835,미사용,0,0,유지
CUST001220,2019-06-04,63.0,남성,수도권,플래티넘,84.9,676.0,167000.0,177000.0,10,0.631,미사용,0,1,유지
CUST001221,2023-06-12,34.0,남성,수도권,플래티넘,36.6,715.0,760000.0,1182000.0,12,0.321,미사용,0,1,유지
CUST001222,2021-11-29,46.0,여성,수도권,플래티넘,55.0,720.0,344000.0,270000.0,17,0.064,미사용,0,1,유지
CUST001223,2018-06-13,19.0,남성,수도권,플래티넘,96.6,690.0,297000.0,362000.0,16,0.21,사용,0,2,유지
CUST001224,2023-05-04,58.0,여성,충청,일반,37.9,801.0,236000.0,269000.0,11,0.634,미사용,1,0,유지
CUST001225,2023-05-31,37.0,여성,제주,일반,37.0,578.0,540000.0,548000.0,13,0.0,미사용,0,1,유지
CUST001226,2023-08-08,54.0,남성,수도권,골드,34.7,830.0,391000.0,311000.0,17,0.393,미사용,0,2,유지
CUST001227,2018-08-07,31.0,여성,호남,일반,94.7,749.0,286000.0,179000.0,15,0.397,사용,1,0,유지
CUST001228,2019-06-24,50.0,여성,호남,일반,84.2,844.0,625000.0,315000.0,11,0.644,사용,0,2,해지
CUST001229,2024-03-21,41.0,여성,수도권,일반,27.3,698.0,889000.0,722000.0,16,0.249,미사용,0,1,유지
CUST001230,2018-03-28,39.0,여성,수도권,일반,99.1,612.0,1188000.0,646000.0,13,0.242,미사용,1,1,유지
CUST001231,2025-06-26,45.0,남성,수도권,플래티넘,12.1,581.0,661000.0,522000.0,7,0.213,미사용,1,1,유지
CUST001232,2024-11-27,63.0,남성,수도권,플래티넘,19.1,704.0,574000.0,640000.0,14,0.253,사용,0,1,유지
CUST001233,2021-07-19,44.0,남성,호남,플래티넘,59.4,661.0,1129000.0,1182000.0,8,0.485,미사용,0,2,유지
CUST001234,2024-05-27,19.0,남성,수도권,일반,25.1,717.0,388000.0,417000.0,12,0.494,미사용,1,1,유지
CUST001235,2022-10-14,44.0,여성,충청,골드,44.5,478.0,189000.0,221000.0,20,,미사용,1,0,유지
CUST001236,2023-12-21,69.0,남성,충청,골드,30.3,803.0,672000.0,1005000.0,14,0.511,미사용,1,0,유지
CUST001237,2024-04-27,37.0,남성,수도권,플래티넘,26.1,682.0,464000.0,404000.0,16,0.0,미사용,0,1,유지
CUST001238,2021-08-26,19.0,여성,수도권,블랙,58.1,671.0,260000.0,350000.0,14,0.352,미사용,0,0,유지
CUST001239,2023-04-07,52.0,여성,수도권,일반,38.8,655.0,407000.0,414000.0,12,0.438,사용,0,0,유지
CUST001240,2025-01-12,51.0,여성,수도권,플래티넘,17.5,720.0,848000.0,732000.0,17,0.341,미사용,0,0,유지
CUST001241,2023-03-09,28.0,여성,호남,일반,39.7,665.0,581000.0,534000.0,10,0.719,미사용,0,0,유지
CUST001242,2024-08-07,38.0,남성,충청,골드,22.7,640.0,445000.0,762000.0,11,0.581,사용,1,0,유지
CUST001243,2020-08-13,33.0,여성,영남,일반,70.5,683.0,308000.0,375000.0,6,0.0,미사용,0,3,유지
CUST001244,2018-09-25,46.0,여성,강원,플래티넘,93.1,635.0,243000.0,286000.0,14,,미사용,1,0,해지
CUST001245,2023-01-23,47.0,여성,호남,블랙,41.2,,496000.0,657000.0,14,0.554,미사용,0,2,유지
CUST001246,2018-09-11,60.0,여성,영남,골드,93.6,665.0,579000.0,557000.0,13,0.434,미사용,0,1,유지
CUST001247,2020-07-26,21.0,여성,충청,일반,71.1,841.0,381000.0,392000.0,9,0.691,미사용,0,0,유지
CUST001248,2023-06-23,36.0,여성,충청,일반,36.2,740.0,439000.0,538000.0,16,0.702,미사용,0,1,유지
CUST001249,2022-01-28,66.0,여성,수도권,골드,53.0,795.0,585000.0,702000.0,12,0.578,미사용,0,0,유지
CUST001250,2022-04-12,79.0,남성,수도권,일반,50.6,607.0,316000.0,364000.0,16,0.535,사용,0,0,유지
CUST001251,2018-11-11,55.0,여성,영남,플래티넘,91.6,785.0,313000.0,206000.0,10,0.437,사용,0,0,유지
CUST001252,2018-01-05,56.0,여성,수도권,골드,101.8,551.0,465000.0,618000.0,12,0.178,미사용,0,0,유지
CUST001253,2020-07-03,29.0,여성,호남,일반,71.9,646.0,458000.0,537000.0,16,0.289,미사용,0,0,유지
CUST001254,2020-09-11,47.0,남성,영남,플래티넘,69.6,563.0,328000.0,340000.0,11,0.286,미사용,0,0,유지
CUST001255,2021-10-22,50.0,남성,충청,일반,56.2,571.0,419000.0,362000.0,5,0.517,사용,0,0,유지
CUST001256,2019-05-12,29.0,여성,영남,골드,85.6,660.0,664000.0,790000.0,12,0.569,미사용,1,0,유지
CUST001257,2018-03-28,55.0,여성,수도권,일반,99.1,,240000.0,196000.0,16,0.184,미사용,2,1,유지
CUST001258,2021-10-19,55.0,여성,영남,플래티넘,56.3,807.0,322000.0,252000.0,15,0.3,미사용,1,0,유지
CUST001259,2021-08-19,23.0,남성,수도권,일반,58.3,725.0,88000.0,36000.0,13,0.655,미사용,0,2,해지
CUST001260,2019-11-07,27.0,남성,영남,일반,79.7,746.0,647000.0,579000.0,11,0.41,미사용,0,0,유지
CUST001261,2022-03-16,26.0,남성,강원,골드,51.5,616.0,602000.0,778000.0,9,0.808,미사용,0,0,유지
CUST001262,2025-05-10,42.0,여성,호남,골드,13.7,638.0,555000.0,738000.0,15,0.673,미사용,0,2,유지
CUST001263,2022-11-09,59.0,남성,수도권,일반,43.7,713.0,579000.0,842000.0,12,0.342,미사용,0,0,유지
CUST001264,2019-06-02,41.0,여성,영남,일반,84.9,607.0,321000.0,293000.0,11,0.137,미사용,0,1,유지
CUST001265,2021-04-29,64.0,여성,수도권,골드,62.0,727.0,767000.0,531000.0,17,0.756,미사용,0,0,유지
CUST001266,2020-11-18,58.0,여성,호남,플래티넘,67.3,564.0,655000.0,781000.0,19,0.004,미사용,2,2,유지
CUST001267,2023-04-27,40.0,여성,수도권,일반,38.1,708.0,565000.0,400000.0,15,0.625,미사용,0,0,유지
CUST001268,2020-08-29,19.0,여성,영남,골드,70.0,574.0,815000.0,778000.0,13,0.604,미사용,0,1,해지
CUST001269,2022-06-22,38.0,남성,영남,플래티넘,48.3,721.0,503000.0,399000.0,17,0.224,미사용,0,0,유지
CUST001270,2022-12-25,34.0,남성,제주,플래티넘,42.1,672.0,343000.0,456000.0,19,0.125,사용,0,1,유지
CUST001271,2023-02-28,33.0,여성,충청,블랙,40.0,625.0,563000.0,554000.0,18,0.523,사용,0,2,유지
CUST001272,2025-05-07,46.0,여성,제주,일반,13.8,600.0,272000.0,243000.0,12,0.483,미사용,0,2,유지
CUST001273,2024-12-08,49.0,남성,영남,블랙,18.7,630.0,453000.0,446000.0,16,0.71,미사용,0,1,유지
CUST001274,2022-05-25,38.0,여성,수도권,일반,49.2,421.0,307000.0,372000.0,18,0.256,사용,2,0,유지
CUST001275,2021-02-10,19.0,남성,제주,플래티넘,64.6,533.0,583000.0,538000.0,15,0.428,미사용,0,1,해지
CUST001276,2022-06-22,46.0,남성,수도권,일반,48.3,522.0,1439000.0,1599000.0,17,0.348,사용,0,0,유지
CUST001277,2018-05-10,42.0,남성,수도권,일반,97.7,708.0,403000.0,568000.0,12,0.324,사용,0,2,유지
CUST001278,2024-10-01,42.0,여성,수도권,플래티넘,20.9,528.0,219000.0,199000.0,14,0.279,미사용,0,0,해지
CUST001279,2018-02-25,47.0,여성,충청,일반,100.1,721.0,1587000.0,1989000.0,21,0.4,미사용,0,1,유지
CUST001280,2019-02-23,50.0,남성,영남,플래티넘,88.2,677.0,213000.0,106000.0,16,0.967,미사용,2,3,해지
CUST001281,2020-04-27,46.0,여성,수도권,일반,74.1,716.0,248000.0,264000.0,10,0.37,미사용,0,0,해지
CUST001282,2021-07-28,29.0,여성,수도권,일반,59.1,639.0,404000.0,282000.0,6,0.0,미사용,0,0,유지
CUST001283,2020-03-03,19.0,남성,수도권,골드,75.9,729.0,245000.0,176000.0,10,0.397,미사용,0,3,유지
CUST001284,2023-06-08,36.0,여성,충청,골드,36.7,733.0,636000.0,290000.0,12,0.25,사용,1,3,해지
CUST001285,2021-03-17,26.0,여성,제주,일반,63.4,684.0,394000.0,329000.0,16,0.698,사용,0,1,유지
CUST001286,2024-08-27,46.0,여성,충청,골드,22.1,723.0,549000.0,621000.0,17,0.565,미사용,0,0,유지
CUST001287,2024-08-14,22.0,남성,충청,일반,22.5,667.0,176000.0,51000.0,18,0.541,미사용,0,1,해지
CUST001288,2023-08-29,23.0,여성,영남,일반,34.0,832.0,69000.0,83000.0,21,0.441,미사용,0,0,유지
CUST001289,2023-08-29,66.0,남성,수도권,일반,34.0,678.0,595000.0,400000.0,12,0.483,미사용,0,0,유지
CUST001290,2022-08-30,45.0,남성,충청,일반,46.0,740.0,170000.0,105000.0,6,0.159,미사용,0,0,유지
CUST001291,2022-03-11,24.0,남성,수도권,일반,51.6,712.0,100000.0,145000.0,10,0.77,사용,1,0,유지
CUST001292,2019-03-17,37.0,여성,강원,일반,87.5,801.0,467000.0,480000.0,11,0.665,미사용,1,0,유지
CUST001293,2023-10-27,61.0,남성,수도권,블랙,32.1,644.0,454000.0,463000.0,17,0.542,미사용,1,1,유지
CUST001294,2018-07-09,37.0,여성,충청,일반,95.7,696.0,491000.0,569000.0,7,0.923,미사용,0,0,유지
CUST001295,2024-05-16,60.0,여성,영남,일반,25.5,595.0,563000.0,644000.0,16,0.388,사용,0,3,해지
CUST001296,2019-01-03,41.0,남성,강원,골드,89.8,742.0,599000.0,581000.0,16,0.286,미사용,0,1,유지
CUST001297,2023-08-29,51.0,여성,영남,일반,34.0,758.0,334000.0,311000.0,15,0.637,미사용,0,0,유지
CUST001298,2019-04-04,39.0,남성,수도권,골드,86.9,,291000.0,172000.0,16,0.412,사용,0,0,유지
CUST001299,2025-02-23,65.0,여성,충청,일반,16.2,717.0,339000.0,375000.0,17,0.247,미사용,0,0,유지
CUST001300,2019-07-04,19.0,여성,영남,플래티넘,83.9,466.0,807000.0,1093000.0,9,0.507,미사용,0,0,유지
CUST001301,2023-08-09,36.0,남성,영남,골드,34.7,706.0,447000.0,505000.0,9,0.679,미사용,0,0,해지
CUST001302,2020-07-31,50.0,여성,호남,플래티넘,71.0,736.0,297000.0,442000.0,14,0.855,미사용,0,0,유지
CUST001303,2020-12-23,44.0,남성,수도권,블랙,66.2,744.0,481000.0,402000.0,7,,미사용,0,3,유지
CUST001304,2020-03-31,49.0,남성,수도권,일반,75.0,757.0,432000.0,254000.0,15,0.593,미사용,1,0,해지
CUST001305,2023-06-20,50.0,여성,호남,일반,36.3,537.0,331000.0,213000.0,9,0.474,미사용,0,2,유지
CUST001306,2025-06-13,48.0,여성,영남,골드,12.5,645.0,520000.0,554000.0,8,0.417,사용,1,1,유지
CUST001307,2024-04-02,58.0,여성,수도권,골드,26.9,781.0,1014000.0,1384000.0,11,0.517,미사용,0,3,유지
CUST001308,2019-04-19,35.0,여성,수도권,일반,86.4,763.0,497000.0,513000.0,10,0.703,미사용,0,3,유지
CUST001309,2024-04-01,47.0,여성,호남,일반,26.9,859.0,223000.0,195000.0,16,0.812,미사용,1,1,해지
CUST001310,2022-01-15,26.0,여성,영남,일반,53.4,720.0,498000.0,645000.0,16,1.0,미사용,0,1,유지
CUST001311,2019-12-11,52.0,여성,호남,일반,78.6,722.0,335000.0,352000.0,12,0.842,미사용,0,1,유지
CUST001312,2021-05-12,40.0,남성,수도권,일반,61.6,604.0,400000.0,266000.0,19,0.0,사용,1,0,해지
CUST001313,2018-05-21,56.0,남성,제주,일반,97.3,615.0,410000.0,246000.0,11,0.422,미사용,0,0,유지
CUST001314,2018-02-22,44.0,여성,충청,일반,100.2,630.0,553000.0,531000.0,12,0.354,미사용,0,1,유지
CUST001315,2023-10-22,40.0,여성,영남,플래티넘,32.3,,428000.0,436000.0,13,0.548,미사용,0,2,유지
CUST001316,2025-03-03,48.0,남성,수도권,플래티넘,15.9,605.0,1020000.0,1439000.0,13,0.689,미사용,1,1,유지
CUST001317,2024-04-03,41.0,남성,충청,일반,26.9,638.0,416000.0,429000.0,19,0.414,미사용,0,1,유지
CUST001318,2025-06-11,47.0,여성,충청,일반,12.6,,383000.0,439000.0,10,0.575,사용,0,0,유지
CUST001319,2024-04-27,40.0,남성,수도권,일반,26.1,820.0,417000.0,364000.0,10,0.467,미사용,1,0,유지
CUST001320,2020-10-07,35.0,남성,호남,일반,68.7,563.0,218000.0,199000.0,12,0.339,미사용,1,0,유지
CUST001321,2020-05-07,46.0,남성,영남,골드,73.8,732.0,404000.0,336000.0,16,0.565,사용,0,1,유지
CUST001322,2020-10-06,31.0,여성,호남,플래티넘,68.8,645.0,261000.0,312000.0,10,0.71,미사용,1,1,유지
CUST001323,2024-03-13,53.0,남성,수도권,일반,27.6,,363000.0,273000.0,16,0.218,미사용,0,0,유지
CUST001324,2020-11-14,42.0,남성,영남,플래티넘,67.5,708.0,229000.0,272000.0,12,0.494,미사용,2,1,유지
CUST001325,2025-04-15,23.0,남성,수도권,플래티넘,14.5,626.0,350000.0,379000.0,13,0.473,사용,0,0,유지
CUST001326,2023-12-08,25.0,여성,수도권,일반,30.7,641.0,1229000.0,1350000.0,12,0.454,미사용,0,2,유지
CUST001327,2023-02-21,42.0,여성,호남,일반,40.2,615.0,1352000.0,1035000.0,14,0.526,사용,0,1,유지
CUST001328,2018-11-29,65.0,여성,제주,골드,91.0,647.0,311000.0,158000.0,16,0.464,미사용,1,1,유지
CUST001329,2021-06-09,45.0,남성,수도권,골드,60.7,562.0,209000.0,245000.0,11,0.241,미사용,1,0,유지
CUST001330,2018-01-15,44.0,여성,영남,일반,101.4,816.0,202000.0,55000.0,17,0.474,사용,0,1,해지
CUST001331,2018-09-10,31.0,여성,수도권,골드,93.6,608.0,298000.0,264000.0,16,0.236,미사용,0,1,유지
CUST001332,2023-02-19,42.0,남성,수도권,일반,40.3,699.0,387000.0,369000.0,15,0.658,미사용,1,0,유지
CUST001333,2023-08-18,39.0,여성,수도권,일반,34.4,753.0,532000.0,531000.0,13,0.309,미사용,0,0,유지
CUST001334,2024-08-07,32.0,남성,수도권,일반,22.7,787.0,697000.0,599000.0,13,0.0,미사용,0,0,해지
CUST001335,2022-11-09,63.0,남성,수도권,일반,43.7,692.0,377000.0,172000.0,14,0.866,미사용,0,0,해지
CUST001336,2024-10-08,33.0,남성,수도권,블랙,20.7,731.0,405000.0,256000.0,15,0.43,미사용,0,2,유지
CUST001337,2018-01-16,39.0,여성,충청,골드,101.4,740.0,451000.0,475000.0,16,0.793,사용,0,1,유지
CUST001338,2019-02-06,45.0,남성,영남,일반,88.7,571.0,286000.0,194000.0,18,0.392,미사용,0,1,해지
CUST001339,2019-08-31,47.0,여성,호남,플래티넘,82.0,793.0,228000.0,288000.0,18,0.669,미사용,1,2,유지
CUST001340,2025-07-20,19.0,여성,호남,일반,11.3,708.0,422000.0,355000.0,8,0.692,사용,0,0,유지
CUST001341,2022-07-03,46.0,남성,수도권,플래티넘,47.9,636.0,246000.0,295000.0,8,0.084,사용,0,2,유지
CUST001342,2022-10-19,43.0,여성,수도권,일반,44.3,564.0,153000.0,149000.0,16,0.256,미사용,0,1,유지
CUST001343,2022-03-29,44.0,여성,호남,플래티넘,51.1,675.0,725000.0,963000.0,11,0.867,미사용,0,0,유지
CUST001344,2021-08-21,48.0,여성,영남,일반,58.3,744.0,894000.0,991000.0,13,0.513,사용,0,1,유지
CUST001345,2021-08-20,37.0,여성,제주,일반,58.3,844.0,328000.0,392000.0,10,0.437,미사용,1,1,유지
CUST001346,2021-01-25,55.0,남성,영남,일반,65.1,,263000.0,357000.0,16,,미사용,0,1,유지
CUST001347,2021-03-16,43.0,남성,수도권,일반,63.5,557.0,1113000.0,1047000.0,15,0.182,미사용,1,0,해지
CUST001348,2025-07-12,52.0,여성,수도권,일반,11.6,630.0,464000.0,596000.0,12,,미사용,1,1,유지
CUST001349,2022-05-08,57.0,남성,강원,일반,49.7,511.0,616000.0,705000.0,18,0.761,미사용,0,0,유지
CUST001350,2023-02-10,58.0,여성,호남,플래티넘,40.6,728.0,420000.0,366000.0,10,1.0,미사용,0,1,해지
CUST001351,2022-10-06,48.0,남성,수도권,일반,44.8,650.0,256000.0,202000.0,9,0.411,미사용,0,0,유지
CUST001352,2024-07-19,38.0,남성,제주,골드,23.4,758.0,228000.0,129000.0,9,0.0,사용,1,0,해지
CUST001353,2022-09-26,56.0,여성,영남,일반,45.1,550.0,696000.0,1044000.0,10,0.628,미사용,0,0,유지
CUST001354,2025-06-06,42.0,남성,수도권,일반,12.8,516.0,311000.0,231000.0,12,0.607,미사용,0,1,해지
CUST001355,2021-07-15,44.0,여성,영남,일반,59.5,663.0,232000.0,117000.0,10,0.537,사용,1,0,해지
CUST001356,2021-01-07,37.0,여성,수도권,일반,65.7,690.0,232000.0,188000.0,16,0.311,사용,0,2,해지
CUST001357,2024-08-19,34.0,남성,강원,골드,22.3,809.0,317000.0,299000.0,14,0.324,사용,0,1,유지
CUST001358,2022-06-19,56.0,남성,수도권,일반,48.4,652.0,622000.0,535000.0,15,0.206,미사용,0,2,해지
CUST001359,2021-10-10,31.0,여성,수도권,일반,56.6,527.0,690000.0,577000.0,9,0.0,미사용,0,1,유지
CUST001360,2023-07-13,43.0,남성,수도권,플래티넘,35.6,727.0,597000.0,458000.0,13,0.534,미사용,0,1,유지
CUST001361,2019-06-04,23.0,남성,수도권,일반,84.9,569.0,201000.0,302000.0,12,0.398,미사용,1,0,유지
CUST001362,2018-01-11,59.0,남성,영남,플래티넘,101.6,,375000.0,440000.0,13,0.561,미사용,2,0,유지
CUST001363,2024-01-19,38.0,남성,수도권,블랙,29.3,545.0,306000.0,160000.0,12,0.596,미사용,0,1,해지
CUST001364,2024-08-02,38.0,남성,영남,플래티넘,22.9,716.0,395000.0,324000.0,17,0.378,사용,0,2,유지
CUST001365,2022-05-27,32.0,여성,제주,일반,49.1,556.0,556000.0,841000.0,12,0.728,미사용,1,0,유지
CUST001366,2025-05-16,34.0,남성,수도권,일반,13.5,777.0,1158000.0,1579000.0,13,,미사용,0,0,유지
CUST001367,2024-08-12,59.0,여성,영남,블랙,22.6,582.0,308000.0,335000.0,15,0.331,미사용,0,0,유지
CUST001368,2022-12-16,74.0,남성,영남,일반,42.4,564.0,154000.0,143000.0,18,0.321,미사용,2,1,해지
CUST001369,2023-04-23,39.0,남성,강원,일반,38.2,553.0,485000.0,677000.0,10,0.248,사용,0,0,유지
CUST001370,2021-10-25,36.0,여성,수도권,골드,56.1,403.0,520000.0,596000.0,17,0.106,사용,0,0,유지
CUST001371,2018-04-08,40.0,여성,충청,블랙,98.7,658.0,528000.0,596000.0,8,0.31,미사용,0,0,유지
CUST001372,2019-02-19,45.0,남성,영남,일반,88.3,652.0,549000.0,835000.0,17,0.431,미사용,2,1,유지
CUST001373,2021-01-25,46.0,여성,수도권,골드,65.1,679.0,1590000.0,2122000.0,11,0.462,사용,0,0,유지
CUST001374,2021-07-21,50.0,여성,수도권,골드,59.3,631.0,428000.0,450000.0,11,0.556,미사용,0,1,유지
CUST001375,2018-11-19,25.0,여성,수도권,일반,91.3,638.0,174000.0,160000.0,14,0.06,미사용,0,2,해지
CUST001376,2020-02-17,21.0,남성,수도권,골드,76.4,712.0,153000.0,103000.0,15,0.576,미사용,1,0,유지
CUST001377,2023-03-07,45.0,여성,제주,플래티넘,39.8,677.0,394000.0,440000.0,22,0.763,사용,0,0,유지
CUST001378,2019-02-04,61.0,남성,영남,일반,88.8,,207000.0,118000.0,17,0.873,미사용,1,1,유지
CUST001379,2022-06-04,53.0,여성,수도권,골드,48.9,705.0,844000.0,1050000.0,19,0.0,미사용,1,1,유지
CUST001380,2024-10-11,32.0,남성,수도권,골드,20.6,496.0,618000.0,335000.0,16,0.631,미사용,0,1,유지
CUST001381,2021-08-23,41.0,여성,호남,골드,58.2,735.0,70000.0,93000.0,17,0.113,사용,0,0,유지
CUST001382,2025-02-21,49.0,남성,수도권,블랙,16.2,599.0,364000.0,527000.0,13,0.298,미사용,1,1,유지
CUST001383,2022-02-13,35.0,여성,수도권,플래티넘,52.5,633.0,454000.0,312000.0,7,0.485,사용,1,1,유지
CUST001384,2019-01-12,37.0,여성,호남,일반,89.6,714.0,87000.0,32000.0,20,0.234,미사용,0,2,해지
CUST001385,2025-03-18,55.0,여성,수도권,골드,15.4,735.0,226000.0,90000.0,16,0.498,미사용,0,2,유지
CUST001386,2024-06-24,50.0,여성,영남,일반,24.2,,450000.0,320000.0,19,0.594,미사용,0,1,유지
CUST001387,2019-01-24,44.0,남성,제주,일반,89.2,679.0,393000.0,283000.0,14,0.392,미사용,1,0,유지
CUST001388,2025-08-30,39.0,남성,호남,블랙,10.0,776.0,225000.0,145000.0,19,0.465,사용,0,0,유지
CUST001389,2024-05-10,38.0,여성,수도권,블랙,25.7,,270000.0,349000.0,12,0.562,미사용,0,0,유지
CUST001390,2018-11-29,34.0,여성,제주,골드,91.0,643.0,833000.0,349000.0,5,0.114,미사용,0,0,해지
CUST001391,2019-03-04,37.0,남성,강원,일반,87.9,659.0,1878000.0,1739000.0,19,0.67,미사용,0,0,유지
CUST001392,2025-01-07,56.0,여성,영남,골드,17.7,599.0,685000.0,595000.0,15,0.612,미사용,0,0,유지
CUST001393,2024-12-19,39.0,여성,충청,일반,18.3,785.0,399000.0,488000.0,21,0.413,미사용,0,0,유지
CUST001394,2020-01-26,26.0,남성,제주,일반,77.1,764.0,356000.0,318000.0,13,0.884,미사용,1,4,해지
CUST001395,2022-07-25,26.0,여성,영남,골드,47.2,628.0,692000.0,428000.0,11,0.579,사용,1,0,해지
CUST001396,2021-10-22,42.0,여성,영남,일반,56.2,664.0,393000.0,417000.0,9,0.474,미사용,0,0,유지
CUST001397,2019-02-13,46.0,남성,수도권,골드,88.5,802.0,297000.0,323000.0,11,0.561,미사용,0,1,유지
CUST001398,2025-02-18,46.0,남성,영남,골드,16.3,715.0,459000.0,278000.0,16,0.223,미사용,0,2,해지
CUST001399,2019-10-23,58.0,여성,영남,골드,80.2,622.0,140000.0,174000.0,17,0.745,미사용,0,0,유지
CUST001400,2018-04-23,34.0,남성,수도권,일반,98.2,690.0,245000.0,201000.0,18,0.647,미사용,1,0,해지
CUST001401,2023-04-02,35.0,남성,수도권,블랙,38.9,695.0,624000.0,464000.0,14,0.599,미사용,1,0,해지
CUST001402,2025-07-27,42.0,남성,충청,일반,11.1,645.0,256000.0,221000.0,10,0.633,미사용,0,1,해지
CUST001403,2020-12-04,40.0,남성,수도권,골드,66.8,601.0,391000.0,390000.0,13,0.384,미사용,1,1,해지
CUST001404,2021-07-06,,여성,충청,일반,59.8,,1860000.0,1962000.0,14,0.277,미사용,1,0,해지
CUST001405,2023-10-24,45.0,남성,제주,골드,32.2,,543000.0,656000.0,10,0.248,미사용,0,1,유지
CUST001406,2022-07-22,59.0,여성,수도권,골드,47.3,670.0,863000.0,593000.0,7,0.43,미사용,0,0,유지
CUST001407,2019-02-28,24.0,남성,충청,플래티넘,88.0,674.0,209000.0,185000.0,18,0.35,미사용,0,1,유지
CUST001408,2018-10-09,44.0,남성,충청,일반,92.7,604.0,347000.0,340000.0,18,0.344,미사용,0,1,유지
CUST001409,2020-12-18,50.0,남성,수도권,골드,66.4,759.0,908000.0,840000.0,23,0.954,미사용,1,0,유지
CUST001410,2021-09-13,49.0,여성,영남,골드,57.5,673.0,130000.0,118000.0,8,0.598,미사용,0,0,유지
CUST001411,2024-09-05,39.0,남성,수도권,일반,21.8,688.0,401000.0,307000.0,12,0.54,미사용,0,0,유지
CUST001412,2020-10-21,52.0,여성,수도권,일반,68.3,919.0,398000.0,381000.0,8,0.654,미사용,1,0,유지
CUST001413,2020-04-06,66.0,남성,영남,일반,74.8,643.0,756000.0,783000.0,14,0.0,미사용,0,1,유지
CUST001414,2019-01-10,37.0,남성,수도권,골드,89.6,719.0,925000.0,635000.0,14,0.246,미사용,0,2,해지
CUST001415,2024-08-21,25.0,여성,충청,일반,22.3,455.0,281000.0,321000.0,14,0.05,미사용,0,1,유지
CUST001416,2020-01-06,37.0,여성,수도권,플래티넘,77.8,879.0,585000.0,422000.0,23,0.614,미사용,0,1,유지
CUST001417,2020-03-08,34.0,남성,호남,일반,75.7,770.0,691000.0,644000.0,16,0.807,미사용,1,2,유지
CUST001418,2020-02-23,54.0,여성,수도권,블랙,76.2,836.0,491000.0,309000.0,17,0.56,미사용,0,0,유지
CUST001419,2025-02-18,34.0,남성,수도권,일반,16.3,803.0,1032000.0,1182000.0,14,0.587,미사용,0,2,유지
CUST001420,2022-11-03,34.0,남성,호남,일반,43.9,662.0,706000.0,846000.0,22,0.333,사용,0,0,유지
CUST001421,2019-02-18,49.0,남성,영남,플래티넘,88.3,749.0,542000.0,515000.0,10,0.397,미사용,0,0,유지
CUST001422,2021-07-27,35.0,남성,제주,일반,59.1,705.0,361000.0,406000.0,17,0.56,미사용,1,1,유지
CUST001423,2024-02-22,48.0,남성,충청,블랙,28.2,,342000.0,236000.0,13,0.394,미사용,0,2,유지
CUST001424,2023-07-15,23.0,남성,수도권,일반,35.5,671.0,670000.0,371000.0,22,0.285,사용,0,0,해지
CUST001425,2025-05-12,48.0,남성,수도권,일반,13.6,631.0,809000.0,446000.0,8,0.77,미사용,1,2,해지
CUST001426,2020-09-24,,남성,제주,일반,69.2,696.0,509000.0,604000.0,19,0.42,미사용,0,1,유지
CUST001427,2022-09-12,28.0,여성,제주,골드,45.6,763.0,577000.0,678000.0,13,0.581,미사용,1,3,유지
CUST001428,2019-07-27,46.0,여성,수도권,골드,83.1,620.0,400000.0,268000.0,13,0.623,미사용,1,1,해지
CUST001429,2020-06-09,67.0,여성,호남,골드,72.7,571.0,206000.0,225000.0,13,0.409,미사용,0,0,유지
CUST001430,2021-10-12,43.0,여성,수도권,블랙,56.6,608.0,336000.0,334000.0,15,0.673,미사용,0,0,유지
CUST001431,2023-01-12,19.0,남성,수도권,블랙,41.6,569.0,817000.0,926000.0,26,0.733,사용,0,0,해지
CUST001432,2020-04-22,38.0,남성,수도권,골드,74.2,698.0,755000.0,654000.0,18,0.62,사용,0,2,유지
CUST001433,2020-04-22,39.0,여성,호남,플래티넘,74.2,743.0,309000.0,307000.0,11,0.393,사용,1,1,유지
CUST001434,2023-09-15,23.0,남성,수도권,플래티넘,33.5,708.0,238000.0,189000.0,11,0.532,미사용,0,1,유지
CUST001435,2022-12-26,40.0,여성,영남,골드,42.1,506.0,738000.0,873000.0,18,0.783,미사용,0,3,유지
CUST001436,2024-11-11,33.0,여성,충청,골드,19.6,535.0,782000.0,845000.0,8,0.692,사용,0,1,유지
CUST001437,2021-07-22,41.0,남성,수도권,일반,59.3,549.0,647000.0,847000.0,16,0.539,미사용,0,0,유지
CUST001438,2022-04-17,60.0,여성,수도권,일반,50.4,829.0,396000.0,535000.0,15,0.816,미사용,0,1,유지
CUST001439,2018-07-13,37.0,남성,수도권,일반,95.6,714.0,403000.0,364000.0,11,0.072,미사용,1,0,유지
CUST001440,2021-01-04,49.0,여성,충청,일반,65.8,,352000.0,280000.0,11,0.603,미사용,1,1,해지
CUST001441,2018-12-07,39.0,남성,충청,일반,90.7,630.0,149000.0,187000.0,13,0.253,미사용,1,0,유지
CUST001442,2021-01-02,45.0,여성,영남,골드,65.9,700.0,484000.0,610000.0,12,0.749,미사용,1,1,유지
CUST001443,2021-04-26,39.0,여성,영남,일반,62.1,634.0,440000.0,424000.0,7,,미사용,1,1,해지
CUST001444,2023-07-12,35.0,남성,영남,일반,35.6,744.0,733000.0,1104000.0,12,0.158,사용,0,0,유지
CUST001445,2018-09-05,20.0,남성,호남,일반,93.8,555.0,186000.0,198000.0,20,0.226,미사용,0,1,해지
CUST001446,2023-05-28,43.0,여성,충청,블랙,37.1,673.0,700000.0,561000.0,15,0.696,미사용,0,1,유지
CUST001447,2018-05-14,51.0,여성,수도권,플래티넘,97.5,633.0,415000.0,587000.0,15,0.331,사용,0,0,유지
CUST001448,2018-10-22,39.0,여성,수도권,플래티넘,92.2,552.0,82000.0,81000.0,13,0.495,사용,0,1,유지
CUST001449,2021-11-12,34.0,남성,수도권,블랙,55.6,663.0,282000.0,358000.0,12,0.806,사용,0,0,유지
CUST001450,2018-04-17,32.0,여성,수도권,일반,98.4,642.0,691000.0,433000.0,17,0.454,미사용,0,0,유지
CUST001451,2022-11-20,41.0,남성,수도권,골드,43.3,601.0,224000.0,216000.0,16,0.618,사용,0,0,해지
CUST001452,2025-06-02,75.0,여성,수도권,플래티넘,12.9,665.0,473000.0,661000.0,13,0.478,미사용,1,0,유지
CUST001453,2024-01-13,65.0,남성,충청,골드,29.5,624.0,424000.0,519000.0,16,0.734,미사용,0,0,유지
CUST001454,2023-01-24,31.0,남성,수도권,일반,41.2,656.0,457000.0,414000.0,18,,미사용,0,0,유지
CUST001455,2021-05-10,30.0,남성,충청,일반,61.7,753.0,285000.0,341000.0,16,0.602,미사용,0,0,유지
CUST001456,2021-05-24,44.0,남성,수도권,골드,61.2,564.0,187000.0,151000.0,15,0.375,미사용,1,1,해지
CUST001457,2021-02-15,46.0,여성,수도권,골드,64.4,774.0,709000.0,473000.0,13,0.535,미사용,0,0,유지
CUST001458,2023-08-15,33.0,남성,수도권,골드,34.5,708.0,265000.0,158000.0,17,0.274,사용,1,1,해지
CUST001459,2023-10-31,41.0,남성,영남,골드,32.0,660.0,312000.0,268000.0,13,0.471,미사용,0,0,해지
CUST001460,2024-04-09,47.0,여성,호남,골드,26.7,755.0,808000.0,933000.0,15,0.766,미사용,0,1,유지
CUST001461,2019-09-21,28.0,여성,충청,플래티넘,81.3,778.0,421000.0,464000.0,12,0.0,미사용,0,1,유지
CUST001462,2021-03-07,62.0,여성,영남,플래티넘,63.8,767.0,360000.0,356000.0,14,0.115,미사용,1,1,유지
CUST001463,2025-08-04,57.0,여성,수도권,플래티넘,10.8,768.0,259000.0,401000.0,14,0.441,미사용,0,0,유지
CUST001464,2023-10-14,55.0,여성,충청,일반,32.5,791.0,454000.0,339000.0,17,0.343,미사용,0,0,해지
CUST001465,2022-09-22,44.0,남성,충청,일반,45.2,727.0,187000.0,296000.0,14,0.062,미사용,0,0,유지
CUST001466,2018-09-06,48.0,남성,영남,일반,93.8,751.0,809000.0,393000.0,14,0.41,미사용,0,0,유지
CUST001467,2020-07-18,51.0,여성,수도권,일반,71.4,528.0,665000.0,813000.0,8,0.436,미사용,2,1,유지
CUST001468,2018-11-03,42.0,남성,수도권,블랙,91.9,647.0,537000.0,589000.0,14,0.351,사용,0,2,해지
CUST001469,2023-07-07,49.0,여성,수도권,일반,35.8,849.0,275000.0,208000.0,10,0.281,미사용,0,1,유지
CUST001470,2018-04-14,39.0,남성,제주,일반,98.5,,266000.0,377000.0,11,0.85,미사용,0,0,유지
CUST001471,2020-06-16,30.0,남성,영남,골드,72.4,663.0,169000.0,153000.0,12,0.404,미사용,1,2,유지
CUST001472,2020-01-02,29.0,남성,수도권,블랙,77.9,683.0,279000.0,268000.0,16,0.78,미사용,0,2,유지
CUST001473,2021-12-11,48.0,남성,호남,골드,54.6,729.0,621000.0,666000.0,14,0.725,미사용,0,1,유지
CUST001474,2019-03-13,47.0,여성,충청,일반,87.6,806.0,318000.0,183000.0,19,0.594,미사용,0,0,유지
CUST001475,2022-11-18,45.0,남성,영남,골드,43.4,557.0,644000.0,255000.0,16,0.386,미사용,0,1,유지
CUST001476,2020-01-06,40.0,남성,충청,일반,77.8,721.0,891000.0,582000.0,11,0.696,미사용,0,1,유지
CUST001477,2020-08-08,32.0,여성,수도권,플래티넘,70.7,593.0,387000.0,241000.0,13,0.435,미사용,0,0,해지
CUST001478,2025-05-14,38.0,남성,충청,일반,13.5,682.0,677000.0,442000.0,11,0.295,미사용,2,0,유지
CUST001479,2019-10-27,36.0,남성,수도권,골드,80.1,761.0,702000.0,642000.0,14,0.323,미사용,0,1,유지
CUST001480,2023-02-06,29.0,여성,강원,골드,40.7,722.0,415000.0,332000.0,16,1.0,미사용,0,1,유지
CUST001481,2025-07-05,58.0,여성,수도권,일반,11.8,620.0,279000.0,136000.0,11,0.493,미사용,0,0,해지
CUST001482,2020-08-20,45.0,여성,영남,일반,70.3,681.0,582000.0,374000.0,16,0.57,미사용,0,0,해지
CUST001483,2018-01-18,30.0,여성,호남,골드,101.3,652.0,269000.0,285000.0,12,0.69,미사용,0,0,유지
CUST001484,2023-02-13,44.0,여성,호남,일반,40.5,649.0,835000.0,904000.0,15,0.668,미사용,0,0,유지
CUST001485,2023-04-30,56.0,여성,수도권,플래티넘,38.0,841.0,585000.0,616000.0,11,0.464,미사용,0,2,유지
CUST001486,2021-09-26,60.0,여성,호남,골드,57.1,,613000.0,462000.0,13,0.513,미사용,2,1,해지
CUST001487,2025-05-06,46.0,남성,호남,골드,13.8,657.0,416000.0,378000.0,12,0.678,사용,0,0,유지
CUST001488,2024-01-14,45.0,여성,수도권,골드,29.5,587.0,979000.0,1174000.0,17,0.445,미사용,0,3,유지
CUST001489,2018-10-06,65.0,남성,수도권,블랙,92.8,,344000.0,481000.0,10,0.545,사용,0,0,유지
CUST001490,2019-02-27,50.0,남성,수도권,플래티넘,88.0,622.0,120000.0,138000.0,16,0.489,미사용,0,2,유지
CUST001491,2021-02-19,65.0,남성,수도권,플래티넘,64.3,782.0,379000.0,429000.0,14,0.431,미사용,0,1,유지
CUST001492,2025-03-31,,여성,수도권,플래티넘,15.0,698.0,323000.0,306000.0,26,0.379,미사용,0,0,유지
CUST001493,2018-03-23,39.0,남성,수도권,블랙,99.2,706.0,680000.0,789000.0,23,0.2,사용,0,0,유지
CUST001494,2024-12-07,40.0,여성,영남,플래티넘,18.7,644.0,601000.0,483000.0,16,0.464,미사용,1,0,유지
CUST001495,2024-05-21,52.0,남성,충청,플래티넘,25.3,646.0,439000.0,498000.0,12,0.491,미사용,0,0,유지
CUST001496,2022-06-04,51.0,여성,강원,골드,48.9,629.0,862000.0,790000.0,15,0.751,미사용,0,1,유지
CUST001497,2022-03-02,51.0,남성,영남,플래티넘,51.9,716.0,161000.0,89000.0,8,0.608,미사용,1,1,유지
CUST001498,2020-11-12,36.0,남성,수도권,골드,67.5,501.0,491000.0,319000.0,16,0.766,미사용,0,1,해지
CUST001499,2024-03-27,34.0,남성,영남,플래티넘,27.1,681.0,628000.0,693000.0,16,0.359,사용,0,0,유지
